pT,pE,fwer
0.000000,0.000000,0.0425277864
0.033333,0.000000,0.0425277863
0.066667,0.000000,0.0425276687
0.100000,0.000000,0.0425194185
0.133333,0.000000,0.0424018565
0.166667,0.000000,0.0417252613
0.200000,0.000000,0.0395727354
0.233333,0.000000,0.0350888309
0.266667,0.000000,0.0283269878
0.300000,0.000000,0.0204616333
0.333333,0.000000,0.0131035604
0.366667,0.000000,0.0074088846
0.400000,0.000000,0.0036919079
0.433333,0.000000,0.0016192579
0.466667,0.000000,0.0006238537
0.500000,0.000000,0.0002103915
0.533333,0.000000,0.0000617529
0.566667,0.000000,0.0000156371
0.600000,0.000000,0.0000033726
0.633333,0.000000,0.0000006084
0.666667,0.000000,0.0000000895
0.700000,0.000000,0.0000000104
0.733333,0.000000,0.0000000009
0.766667,0.000000,0.0000000001
0.800000,0.000000,0.0000000000
0.833333,0.000000,0.0000000000
0.866667,0.000000,0.0000000000
0.900000,0.000000,0.0000000000
0.933333,0.000000,0.0000000000
0.966667,0.000000,0.0000000000
1.000000,0.000000,0.0000000000
0.000000,0.033333,0.0425416161
0.033333,0.033333,0.0425416161
0.066667,0.033333,0.0425414984
0.100000,0.033333,0.0425332437
0.133333,0.033333,0.0424156206
0.166667,0.033333,0.0417386949
0.200000,0.033333,0.0395851898
0.233333,0.033333,0.0350994024
0.266667,0.033333,0.0283349661
0.300000,0.033333,0.0204668916
0.333333,0.033333,0.0131065578
0.366667,0.033333,0.0074103544
0.400000,0.033333,0.0036925253
0.433333,0.033333,0.0016194789
0.466667,0.033333,0.0006239207
0.500000,0.033333,0.0002104085
0.533333,0.033333,0.0000617565
0.566667,0.033333,0.0000156378
0.600000,0.033333,0.0000033727
0.633333,0.033333,0.0000006084
0.666667,0.033333,0.0000000895
0.700000,0.033333,0.0000000104
0.733333,0.033333,0.0000000009
0.766667,0.033333,0.0000000001
0.800000,0.033333,0.0000000000
0.833333,0.033333,0.0000000000
0.866667,0.033333,0.0000000000
0.900000,0.033333,0.0000000000
0.933333,0.033333,0.0000000000
0.966667,0.033333,0.0000000000
1.000000,0.033333,0.0000000000
0.000000,0.066667,0.0448748654
0.033333,0.066667,0.0448748654
0.066667,0.066667,0.0448747362
0.100000,0.066667,0.0448657168
0.133333,0.066667,0.0447377839
0.166667,0.066667,0.0440051230
0.200000,0.066667,0.0416864125
0.233333,0.066667,0.0368829603
0.266667,0.066667,0.0296810540
0.300000,0.066667,0.0213540830
0.333333,0.066667,0.0136122990
0.366667,0.066667,0.0076583540
0.400000,0.066667,0.0037966946
0.433333,0.066667,0.0016567727
0.466667,0.066667,0.0006352228
0.500000,0.066667,0.0002132802
0.533333,0.066667,0.0000623602
0.566667,0.066667,0.0000157410
0.600000,0.066667,0.0000033867
0.633333,0.066667,0.0000006099
0.666667,0.066667,0.0000000896
0.700000,0.066667,0.0000000104
0.733333,0.066667,0.0000000009
0.766667,0.066667,0.0000000001
0.800000,0.066667,0.0000000000
0.833333,0.066667,0.0000000000
0.866667,0.066667,0.0000000000
0.900000,0.066667,0.0000000000
0.933333,0.066667,0.0000000000
0.966667,0.066667,0.0000000000
1.000000,0.066667,0.0000000000
0.000000,0.100000,0.0720289598
0.033333,0.100000,0.0720289597
0.066667,0.100000,0.0720286972
0.100000,0.100000,0.0720107790
0.133333,0.100000,0.0717628722
0.166667,0.100000,0.0703816201
0.200000,0.100000,0.0661403953
0.233333,0.100000,0.0576401888
0.266667,0.100000,0.0453472335
0.300000,0.100000,0.0316797496
0.333333,0.100000,0.0194986314
0.366667,0.100000,0.0105449723
0.400000,0.100000,0.0050092704
0.433333,0.100000,0.0020909321
0.466667,0.100000,0.0007668170
0.500000,0.100000,0.0002467240
0.533333,0.100000,0.0000693945
0.566667,0.100000,0.0000169443
0.600000,0.100000,0.0000035504
0.633333,0.100000,0.0000006271
0.666667,0.100000,0.0000000910
0.700000,0.100000,0.0000000104
0.733333,0.100000,0.0000000009
0.766667,0.100000,0.0000000001
0.800000,0.100000,0.0000000000
0.833333,0.100000,0.0000000000
0.866667,0.100000,0.0000000000
0.900000,0.100000,0.0000000000
0.933333,0.100000,0.0000000000
0.966667,0.100000,0.0000000000
1.000000,0.100000,0.0000000000
0.000000,0.133333,nan
0.033333,0.133333,nan
0.066667,0.133333,nan
0.100000,0.133333,nan
0.133333,0.133333,nan
0.166667,0.133333,nan
0.200000,0.133333,nan
0.233333,0.133333,nan
0.266667,0.133333,nan
0.300000,0.133333,nan
0.333333,0.133333,nan
0.366667,0.133333,nan
0.400000,0.133333,0.0093868862
0.433333,0.133333,0.0036585247
0.466667,0.133333,0.0012420451
0.500000,0.133333,0.0003675347
0.533333,0.133333,0.0000948163
0.566667,0.133333,0.0000212966
0.600000,0.133333,0.0000041431
0.633333,0.133333,0.0000006895
0.666667,0.133333,0.0000000959
0.700000,0.133333,0.0000000107
0.733333,0.133333,0.0000000009
0.766667,0.133333,0.0000000001
0.800000,0.133333,0.0000000000
0.833333,0.133333,0.0000000000
0.866667,0.133333,0.0000000000
0.900000,0.133333,0.0000000000
0.933333,0.133333,0.0000000000
0.966667,0.133333,0.0000000000
1.000000,0.133333,0.0000000000
0.000000,0.166667,nan
0.033333,0.166667,nan
0.066667,0.166667,nan
0.100000,0.166667,nan
0.133333,0.166667,nan
0.166667,0.166667,nan
0.200000,0.166667,nan
0.233333,0.166667,nan
0.266667,0.166667,nan
0.300000,0.166667,nan
0.333333,0.166667,nan
0.366667,0.166667,nan
0.400000,0.166667,0.0174849077
0.433333,0.166667,0.0065588305
0.466667,0.166667,0.0021215030
0.500000,0.166667,0.0005911879
0.533333,0.166667,0.0001419062
0.566667,0.166667,0.0000293665
0.600000,0.166667,0.0000052442
0.633333,0.166667,0.0000008058
0.666667,0.166667,0.0000001051
0.700000,0.166667,0.0000000112
0.733333,0.166667,0.0000000009
0.766667,0.166667,0.0000000001
0.800000,0.166667,0.0000000000
0.833333,0.166667,0.0000000000
0.866667,0.166667,0.0000000000
0.900000,0.166667,0.0000000000
0.933333,0.166667,0.0000000000
0.966667,0.166667,0.0000000000
1.000000,0.166667,0.0000000000
0.000000,0.200000,nan
0.033333,0.200000,nan
0.066667,0.200000,nan
0.100000,0.200000,nan
0.133333,0.200000,nan
0.166667,0.200000,nan
0.200000,0.200000,nan
0.233333,0.200000,nan
0.266667,0.200000,nan
0.300000,0.200000,nan
0.333333,0.200000,nan
0.366667,0.200000,nan
0.400000,0.200000,0.0271401769
0.433333,0.200000,0.0100175603
0.466667,0.200000,0.0031706026
0.500000,0.200000,0.0008581035
0.533333,0.200000,0.0001981458
0.566667,0.200000,0.0000390162
0.600000,0.200000,0.0000065636
0.633333,0.200000,0.0000009457
0.666667,0.200000,0.0000001162
0.700000,0.200000,0.0000000119
0.733333,0.200000,0.0000000010
0.766667,0.200000,0.0000000001
0.800000,0.200000,0.0000000000
0.833333,0.200000,0.0000000000
0.866667,0.200000,0.0000000000
0.900000,0.200000,0.0000000000
0.933333,0.200000,0.0000000000
0.966667,0.200000,0.0000000000
1.000000,0.200000,0.0000000000
0.000000,0.233333,nan
0.033333,0.233333,nan
0.066667,0.233333,nan
0.100000,0.233333,nan
0.133333,0.233333,nan
0.166667,0.233333,nan
0.200000,0.233333,nan
0.233333,0.233333,nan
0.266667,0.233333,nan
0.300000,0.233333,nan
0.333333,0.233333,nan
0.366667,0.233333,nan
0.400000,0.233333,0.0355099828
0.433333,0.233333,0.0130165759
0.466667,0.233333,0.0040806051
0.500000,0.233333,0.0010897631
0.533333,0.233333,0.0002470020
0.566667,0.233333,0.0000474120
0.600000,0.233333,0.0000077148
0.633333,0.233333,0.0000010685
0.666667,0.233333,0.0000001261
0.700000,0.233333,0.0000000125
0.733333,0.233333,0.0000000010
0.766667,0.233333,0.0000000001
0.800000,0.233333,0.0000000000
0.833333,0.233333,0.0000000000
0.866667,0.233333,0.0000000000
0.900000,0.233333,0.0000000000
0.933333,0.233333,0.0000000000
0.966667,0.233333,0.0000000000
1.000000,0.233333,0.0000000000
0.000000,0.266667,nan
0.033333,0.266667,nan
0.066667,0.266667,nan
0.100000,0.266667,nan
0.133333,0.266667,nan
0.166667,0.266667,nan
0.200000,0.266667,nan
0.233333,0.266667,nan
0.266667,0.266667,nan
0.300000,0.266667,nan
0.333333,0.266667,nan
0.366667,0.266667,nan
0.400000,0.266667,0.0411639949
0.433333,0.266667,0.0150431512
0.466667,0.266667,0.0046958340
0.500000,0.266667,0.0012464979
0.533333,0.266667,0.0002800959
0.566667,0.266667,0.0000531104
0.600000,0.266667,0.0000084990
0.633333,0.266667,0.0000011527
0.666667,0.266667,0.0000001330
0.700000,0.266667,0.0000000129
0.733333,0.266667,0.0000000010
0.766667,0.266667,0.0000000001
0.800000,0.266667,0.0000000000
0.833333,0.266667,0.0000000000
0.866667,0.266667,0.0000000000
0.900000,0.266667,0.0000000000
0.933333,0.266667,0.0000000000
0.966667,0.266667,0.0000000000
1.000000,0.266667,0.0000000000
0.000000,0.300000,nan
0.033333,0.300000,nan
0.066667,0.300000,nan
0.100000,0.300000,nan
0.133333,0.300000,nan
0.166667,0.300000,nan
0.200000,0.300000,nan
0.233333,0.300000,nan
0.266667,0.300000,nan
0.300000,0.300000,nan
0.333333,0.300000,nan
0.366667,0.300000,nan
0.400000,0.300000,0.0442697790
0.433333,0.300000,0.0161568362
0.466667,0.300000,0.0050341392
0.500000,0.300000,0.0013327666
0.533333,0.300000,0.0002983389
0.566667,0.300000,0.0000562597
0.600000,0.300000,0.0000089343
0.633333,0.300000,0.0000011998
0.666667,0.300000,0.0000001369
0.700000,0.300000,0.0000000132
0.733333,0.300000,0.0000000010
0.766667,0.300000,0.0000000001
0.800000,0.300000,0.0000000000
0.833333,0.300000,0.0000000000
0.866667,0.300000,0.0000000000
0.900000,0.300000,0.0000000000
0.933333,0.300000,0.0000000000
0.966667,0.300000,0.0000000000
1.000000,0.300000,0.0000000000
0.000000,0.333333,nan
0.033333,0.333333,nan
0.066667,0.333333,nan
0.100000,0.333333,nan
0.133333,0.333333,nan
0.166667,0.333333,nan
0.200000,0.333333,nan
0.233333,0.333333,nan
0.266667,0.333333,nan
0.300000,0.333333,nan
0.333333,0.333333,nan
0.366667,0.333333,nan
0.400000,0.333333,0.0456954804
0.433333,0.333333,0.0166683552
0.466667,0.333333,0.0051896512
0.500000,0.333333,0.0013724721
0.533333,0.333333,0.0003067519
0.566667,0.333333,0.0000577168
0.600000,0.333333,0.0000091368
0.633333,0.333333,0.0000012220
0.666667,0.333333,0.0000001388
0.700000,0.333333,0.0000000133
0.733333,0.333333,0.0000000010
0.766667,0.333333,0.0000000001
0.800000,0.333333,0.0000000000
0.833333,0.333333,0.0000000000
0.866667,0.333333,0.0000000000
0.900000,0.333333,0.0000000000
0.933333,0.333333,0.0000000000
0.966667,0.333333,0.0000000000
1.000000,0.333333,0.0000000000
0.000000,0.366667,nan
0.033333,0.366667,nan
0.066667,0.366667,nan
0.100000,0.366667,nan
0.133333,0.366667,nan
0.166667,0.366667,nan
0.200000,0.366667,nan
0.233333,0.366667,nan
0.266667,0.366667,nan
0.300000,0.366667,nan
0.333333,0.366667,nan
0.366667,0.366667,nan
0.400000,0.366667,0.0462524800
0.433333,0.366667,0.0168683443
0.466667,0.366667,0.0052505173
0.500000,0.366667,0.0013880378
0.533333,0.366667,0.0003100587
0.566667,0.366667,0.0000582920
0.600000,0.366667,0.0000092174
0.633333,0.366667,0.0000012309
0.666667,0.366667,0.0000001396
0.700000,0.366667,0.0000000133
0.733333,0.366667,0.0000000010
0.766667,0.366667,0.0000000001
0.800000,0.366667,0.0000000000
0.833333,0.366667,0.0000000000
0.866667,0.366667,0.0000000000
0.900000,0.366667,0.0000000000
0.933333,0.366667,0.0000000000
0.966667,0.366667,0.0000000000
1.000000,0.366667,0.0000000000
0.000000,0.400000,nan
0.033333,0.400000,nan
0.066667,0.400000,nan
0.100000,0.400000,nan
0.133333,0.400000,nan
0.166667,0.400000,nan
0.200000,0.400000,nan
0.233333,0.400000,nan
0.266667,0.400000,nan
0.300000,0.400000,nan
0.333333,0.400000,nan
0.366667,0.400000,nan
0.400000,0.400000,0.0464400682
0.433333,0.400000,0.0169357620
0.466667,0.400000,0.0052710645
0.500000,0.400000,0.0013933038
0.533333,0.400000,0.0003111811
0.566667,0.400000,0.0000584883
0.600000,0.400000,0.0000092452
0.633333,0.400000,0.0000012341
0.666667,0.400000,0.0000001398
0.700000,0.400000,0.0000000134
0.733333,0.400000,0.0000000010
0.766667,0.400000,0.0000000001
0.800000,0.400000,0.0000000000
0.833333,0.400000,0.0000000000
0.866667,0.400000,0.0000000000
0.900000,0.400000,0.0000000000
0.933333,0.400000,0.0000000000
0.966667,0.400000,0.0000000000
1.000000,0.400000,0.0000000000
0.000000,0.433333,nan
0.033333,0.433333,nan
0.066667,0.433333,nan
0.100000,0.433333,nan
0.133333,0.433333,nan
0.166667,0.433333,nan
0.200000,0.433333,nan
0.233333,0.433333,nan
0.266667,0.433333,nan
0.300000,0.433333,nan
0.333333,0.433333,nan
0.366667,0.433333,nan
0.400000,0.433333,0.0464950572
0.433333,0.433333,0.0169555492
0.466667,0.433333,0.0052771061
0.500000,0.433333,0.0013948564
0.533333,0.433333,0.0003115135
0.566667,0.433333,0.0000585469
0.600000,0.433333,0.0000092535
0.633333,0.433333,0.0000012350
0.666667,0.433333,0.0000001399
0.700000,0.433333,0.0000000134
0.733333,0.433333,0.0000000010
0.766667,0.433333,0.0000000001
0.800000,0.433333,0.0000000000
0.833333,0.433333,0.0000000000
0.866667,0.433333,0.0000000000
0.900000,0.433333,0.0000000000
0.933333,0.433333,0.0000000000
0.966667,0.433333,0.0000000000
1.000000,0.433333,0.0000000000
0.000000,0.466667,nan
0.033333,0.466667,nan
0.066667,0.466667,nan
0.100000,0.466667,nan
0.133333,0.466667,nan
0.166667,0.466667,nan
0.200000,0.466667,nan
0.233333,0.466667,nan
0.266667,0.466667,nan
0.300000,0.466667,nan
0.333333,0.466667,nan
0.366667,0.466667,nan
0.400000,0.466667,0.0465092002
0.433333,0.466667,0.0169606464
0.466667,0.466667,0.0052786660
0.500000,0.466667,0.0013952586
0.533333,0.466667,0.0003116000
0.566667,0.466667,0.0000585623
0.600000,0.466667,0.0000092558
0.633333,0.466667,0.0000012353
0.666667,0.466667,0.0000001400
0.700000,0.466667,0.0000000134
0.733333,0.466667,0.0000000010
0.766667,0.466667,0.0000000001
0.800000,0.466667,0.0000000000
0.833333,0.466667,0.0000000000
0.866667,0.466667,0.0000000000
0.900000,0.466667,0.0000000000
0.933333,0.466667,0.0000000000
0.966667,0.466667,0.0000000000
1.000000,0.466667,0.0000000000
0.000000,0.500000,nan
0.033333,0.500000,nan
0.066667,0.500000,nan
0.100000,0.500000,nan
0.133333,0.500000,nan
0.166667,0.500000,nan
0.200000,0.500000,nan
0.233333,0.500000,nan
0.266667,0.500000,nan
0.300000,0.500000,nan
0.333333,0.500000,nan
0.366667,0.500000,nan
0.400000,0.500000,0.0465124138
0.433333,0.500000,0.0169618068
0.466667,0.500000,0.0052790221
0.500000,0.500000,0.0013953508
0.533333,0.500000,0.0003116200
0.566667,0.500000,0.0000585658
0.600000,0.500000,0.0000092563
0.633333,0.500000,0.0000012353
0.666667,0.500000,0.0000001400
0.700000,0.500000,0.0000000134
0.733333,0.500000,0.0000000010
0.766667,0.500000,0.0000000001
0.800000,0.500000,0.0000000000
0.833333,0.500000,0.0000000000
0.866667,0.500000,0.0000000000
0.900000,0.500000,0.0000000000
0.933333,0.500000,0.0000000000
0.966667,0.500000,0.0000000000
1.000000,0.500000,0.0000000000
0.000000,0.533333,nan
0.033333,0.533333,nan
0.066667,0.533333,nan
0.100000,0.533333,nan
0.133333,0.533333,nan
0.166667,0.533333,nan
0.200000,0.533333,nan
0.233333,0.533333,nan
0.266667,0.533333,nan
0.300000,0.533333,nan
0.333333,0.533333,nan
0.366667,0.533333,nan
0.400000,0.533333,0.0465130621
0.433333,0.533333,0.0169620413
0.466667,0.533333,0.0052790943
0.500000,0.533333,0.0013953696
0.533333,0.533333,0.0003116241
0.566667,0.533333,0.0000585666
0.600000,0.533333,0.0000092564
0.633333,0.533333,0.0000012354
0.666667,0.533333,0.0000001400
0.700000,0.533333,0.0000000134
0.733333,0.533333,0.0000000010
0.766667,0.533333,0.0000000001
0.800000,0.533333,0.0000000000
0.833333,0.533333,0.0000000000
0.866667,0.533333,0.0000000000
0.900000,0.533333,0.0000000000
0.933333,0.533333,0.0000000000
0.966667,0.533333,0.0000000000
1.000000,0.533333,0.0000000000
0.000000,0.566667,nan
0.033333,0.566667,nan
0.066667,0.566667,nan
0.100000,0.566667,nan
0.133333,0.566667,nan
0.166667,0.566667,nan
0.200000,0.566667,nan
0.233333,0.566667,nan
0.266667,0.566667,nan
0.300000,0.566667,nan
0.333333,0.566667,nan
0.366667,0.566667,nan
0.400000,0.566667,0.0465131782
0.433333,0.566667,0.0169620835
0.466667,0.566667,0.0052791073
0.500000,0.566667,0.0013953730
0.533333,0.566667,0.0003116248
0.566667,0.566667,0.0000585667
0.600000,0.566667,0.0000092564
0.633333,0.566667,0.0000012354
0.666667,0.566667,0.0000001400
0.700000,0.566667,0.0000000134
0.733333,0.566667,0.0000000010
0.766667,0.566667,0.0000000001
0.800000,0.566667,0.0000000000
0.833333,0.566667,0.0000000000
0.866667,0.566667,0.0000000000
0.900000,0.566667,0.0000000000
0.933333,0.566667,0.0000000000
0.966667,0.566667,0.0000000000
1.000000,0.566667,0.0000000000
0.000000,0.600000,nan
0.033333,0.600000,nan
0.066667,0.600000,nan
0.100000,0.600000,nan
0.133333,0.600000,nan
0.166667,0.600000,nan
0.200000,0.600000,nan
0.233333,0.600000,nan
0.266667,0.600000,nan
0.300000,0.600000,nan
0.333333,0.600000,nan
0.366667,0.600000,nan
0.400000,0.600000,0.0465131966
0.433333,0.600000,0.0169620901
0.466667,0.600000,0.0052791094
0.500000,0.600000,0.0013953735
0.533333,0.600000,0.0003116250
0.566667,0.600000,0.0000585667
0.600000,0.600000,0.0000092564
0.633333,0.600000,0.0000012354
0.666667,0.600000,0.0000001400
0.700000,0.600000,0.0000000134
0.733333,0.600000,0.0000000010
0.766667,0.600000,0.0000000001
0.800000,0.600000,0.0000000000
0.833333,0.600000,0.0000000000
0.866667,0.600000,0.0000000000
0.900000,0.600000,0.0000000000
0.933333,0.600000,0.0000000000
0.966667,0.600000,0.0000000000
1.000000,0.600000,0.0000000000
0.000000,0.633333,nan
0.033333,0.633333,nan
0.066667,0.633333,nan
0.100000,0.633333,nan
0.133333,0.633333,nan
0.166667,0.633333,nan
0.200000,0.633333,nan
0.233333,0.633333,nan
0.266667,0.633333,nan
0.300000,0.633333,nan
0.333333,0.633333,nan
0.366667,0.633333,nan
0.400000,0.633333,0.0465131991
0.433333,0.633333,0.0169620910
0.466667,0.633333,0.0052791096
0.500000,0.633333,0.0013953736
0.533333,0.633333,0.0003116250
0.566667,0.633333,0.0000585667
0.600000,0.633333,0.0000092564
0.633333,0.633333,0.0000012354
0.666667,0.633333,0.0000001400
0.700000,0.633333,0.0000000134
0.733333,0.633333,0.0000000010
0.766667,0.633333,0.0000000001
0.800000,0.633333,0.0000000000
0.833333,0.633333,0.0000000000
0.866667,0.633333,0.0000000000
0.900000,0.633333,0.0000000000
0.933333,0.633333,0.0000000000
0.966667,0.633333,0.0000000000
1.000000,0.633333,0.0000000000
0.000000,0.666667,nan
0.033333,0.666667,nan
0.066667,0.666667,nan
0.100000,0.666667,nan
0.133333,0.666667,nan
0.166667,0.666667,nan
0.200000,0.666667,nan
0.233333,0.666667,nan
0.266667,0.666667,nan
0.300000,0.666667,nan
0.333333,0.666667,nan
0.366667,0.666667,nan
0.400000,0.666667,0.0465131993
0.433333,0.666667,0.0169620911
0.466667,0.666667,0.0052791097
0.500000,0.666667,0.0013953736
0.533333,0.666667,0.0003116250
0.566667,0.666667,0.0000585667
0.600000,0.666667,0.0000092564
0.633333,0.666667,0.0000012354
0.666667,0.666667,0.0000001400
0.700000,0.666667,0.0000000134
0.733333,0.666667,0.0000000010
0.766667,0.666667,0.0000000001
0.800000,0.666667,0.0000000000
0.833333,0.666667,0.0000000000
0.866667,0.666667,0.0000000000
0.900000,0.666667,0.0000000000
0.933333,0.666667,0.0000000000
0.966667,0.666667,0.0000000000
1.000000,0.666667,0.0000000000
0.000000,0.700000,nan
0.033333,0.700000,nan
0.066667,0.700000,nan
0.100000,0.700000,nan
0.133333,0.700000,nan
0.166667,0.700000,nan
0.200000,0.700000,nan
0.233333,0.700000,nan
0.266667,0.700000,nan
0.300000,0.700000,nan
0.333333,0.700000,nan
0.366667,0.700000,nan
0.400000,0.700000,0.0465131994
0.433333,0.700000,0.0169620911
0.466667,0.700000,0.0052791097
0.500000,0.700000,0.0013953736
0.533333,0.700000,0.0003116250
0.566667,0.700000,0.0000585667
0.600000,0.700000,0.0000092564
0.633333,0.700000,0.0000012354
0.666667,0.700000,0.0000001400
0.700000,0.700000,0.0000000134
0.733333,0.700000,0.0000000010
0.766667,0.700000,0.0000000001
0.800000,0.700000,0.0000000000
0.833333,0.700000,0.0000000000
0.866667,0.700000,0.0000000000
0.900000,0.700000,0.0000000000
0.933333,0.700000,0.0000000000
0.966667,0.700000,0.0000000000
1.000000,0.700000,0.0000000000
0.000000,0.733333,nan
0.033333,0.733333,nan
0.066667,0.733333,nan
0.100000,0.733333,nan
0.133333,0.733333,nan
0.166667,0.733333,nan
0.200000,0.733333,nan
0.233333,0.733333,nan
0.266667,0.733333,nan
0.300000,0.733333,nan
0.333333,0.733333,nan
0.366667,0.733333,nan
0.400000,0.733333,0.0465131994
0.433333,0.733333,0.0169620911
0.466667,0.733333,0.0052791097
0.500000,0.733333,0.0013953736
0.533333,0.733333,0.0003116250
0.566667,0.733333,0.0000585667
0.600000,0.733333,0.0000092564
0.633333,0.733333,0.0000012354
0.666667,0.733333,0.0000001400
0.700000,0.733333,0.0000000134
0.733333,0.733333,0.0000000010
0.766667,0.733333,0.0000000001
0.800000,0.733333,0.0000000000
0.833333,0.733333,0.0000000000
0.866667,0.733333,0.0000000000
0.900000,0.733333,0.0000000000
0.933333,0.733333,0.0000000000
0.966667,0.733333,0.0000000000
1.000000,0.733333,0.0000000000
0.000000,0.766667,nan
0.033333,0.766667,nan
0.066667,0.766667,nan
0.100000,0.766667,nan
0.133333,0.766667,nan
0.166667,0.766667,nan
0.200000,0.766667,nan
0.233333,0.766667,nan
0.266667,0.766667,nan
0.300000,0.766667,nan
0.333333,0.766667,nan
0.366667,0.766667,nan
0.400000,0.766667,0.0465131994
0.433333,0.766667,0.0169620911
0.466667,0.766667,0.0052791097
0.500000,0.766667,0.0013953736
0.533333,0.766667,0.0003116250
0.566667,0.766667,0.0000585667
0.600000,0.766667,0.0000092564
0.633333,0.766667,0.0000012354
0.666667,0.766667,0.0000001400
0.700000,0.766667,0.0000000134
0.733333,0.766667,0.0000000010
0.766667,0.766667,0.0000000001
0.800000,0.766667,0.0000000000
0.833333,0.766667,0.0000000000
0.866667,0.766667,0.0000000000
0.900000,0.766667,0.0000000000
0.933333,0.766667,0.0000000000
0.966667,0.766667,0.0000000000
1.000000,0.766667,0.0000000000
0.000000,0.800000,nan
0.033333,0.800000,nan
0.066667,0.800000,nan
0.100000,0.800000,nan
0.133333,0.800000,nan
0.166667,0.800000,nan
0.200000,0.800000,nan
0.233333,0.800000,nan
0.266667,0.800000,nan
0.300000,0.800000,nan
0.333333,0.800000,nan
0.366667,0.800000,nan
0.400000,0.800000,0.0465131994
0.433333,0.800000,0.0169620911
0.466667,0.800000,0.0052791097
0.500000,0.800000,0.0013953736
0.533333,0.800000,0.0003116250
0.566667,0.800000,0.0000585667
0.600000,0.800000,0.0000092564
0.633333,0.800000,0.0000012354
0.666667,0.800000,0.0000001400
0.700000,0.800000,0.0000000134
0.733333,0.800000,0.0000000010
0.766667,0.800000,0.0000000001
0.800000,0.800000,0.0000000000
0.833333,0.800000,0.0000000000
0.866667,0.800000,0.0000000000
0.900000,0.800000,0.0000000000
0.933333,0.800000,0.0000000000
0.966667,0.800000,0.0000000000
1.000000,0.800000,0.0000000000
0.000000,0.833333,nan
0.033333,0.833333,nan
0.066667,0.833333,nan
0.100000,0.833333,nan
0.133333,0.833333,nan
0.166667,0.833333,nan
0.200000,0.833333,nan
0.233333,0.833333,nan
0.266667,0.833333,nan
0.300000,0.833333,nan
0.333333,0.833333,nan
0.366667,0.833333,nan
0.400000,0.833333,0.0465131994
0.433333,0.833333,0.0169620911
0.466667,0.833333,0.0052791097
0.500000,0.833333,0.0013953736
0.533333,0.833333,0.0003116250
0.566667,0.833333,0.0000585667
0.600000,0.833333,0.0000092564
0.633333,0.833333,0.0000012354
0.666667,0.833333,0.0000001400
0.700000,0.833333,0.0000000134
0.733333,0.833333,0.0000000010
0.766667,0.833333,0.0000000001
0.800000,0.833333,0.0000000000
0.833333,0.833333,0.0000000000
0.866667,0.833333,0.0000000000
0.900000,0.833333,0.0000000000
0.933333,0.833333,0.0000000000
0.966667,0.833333,0.0000000000
1.000000,0.833333,0.0000000000
0.000000,0.866667,nan
0.033333,0.866667,nan
0.066667,0.866667,nan
0.100000,0.866667,nan
0.133333,0.866667,nan
0.166667,0.866667,nan
0.200000,0.866667,nan
0.233333,0.866667,nan
0.266667,0.866667,nan
0.300000,0.866667,nan
0.333333,0.866667,nan
0.366667,0.866667,nan
0.400000,0.866667,0.0465131994
0.433333,0.866667,0.0169620911
0.466667,0.866667,0.0052791097
0.500000,0.866667,0.0013953736
0.533333,0.866667,0.0003116250
0.566667,0.866667,0.0000585667
0.600000,0.866667,0.0000092564
0.633333,0.866667,0.0000012354
0.666667,0.866667,0.0000001400
0.700000,0.866667,0.0000000134
0.733333,0.866667,0.0000000010
0.766667,0.866667,0.0000000001
0.800000,0.866667,0.0000000000
0.833333,0.866667,0.0000000000
0.866667,0.866667,0.0000000000
0.900000,0.866667,0.0000000000
0.933333,0.866667,0.0000000000
0.966667,0.866667,0.0000000000
1.000000,0.866667,0.0000000000
0.000000,0.900000,nan
0.033333,0.900000,nan
0.066667,0.900000,nan
0.100000,0.900000,nan
0.133333,0.900000,nan
0.166667,0.900000,nan
0.200000,0.900000,nan
0.233333,0.900000,nan
0.266667,0.900000,nan
0.300000,0.900000,nan
0.333333,0.900000,nan
0.366667,0.900000,nan
0.400000,0.900000,0.0465131994
0.433333,0.900000,0.0169620911
0.466667,0.900000,0.0052791097
0.500000,0.900000,0.0013953736
0.533333,0.900000,0.0003116250
0.566667,0.900000,0.0000585667
0.600000,0.900000,0.0000092564
0.633333,0.900000,0.0000012354
0.666667,0.900000,0.0000001400
0.700000,0.900000,0.0000000134
0.733333,0.900000,0.0000000010
0.766667,0.900000,0.0000000001
0.800000,0.900000,0.0000000000
0.833333,0.900000,0.0000000000
0.866667,0.900000,0.0000000000
0.900000,0.900000,0.0000000000
0.933333,0.900000,0.0000000000
0.966667,0.900000,0.0000000000
1.000000,0.900000,0.0000000000
0.000000,0.933333,nan
0.033333,0.933333,nan
0.066667,0.933333,nan
0.100000,0.933333,nan
0.133333,0.933333,nan
0.166667,0.933333,nan
0.200000,0.933333,nan
0.233333,0.933333,nan
0.266667,0.933333,nan
0.300000,0.933333,nan
0.333333,0.933333,nan
0.366667,0.933333,nan
0.400000,0.933333,0.0465131994
0.433333,0.933333,0.0169620911
0.466667,0.933333,0.0052791097
0.500000,0.933333,0.0013953736
0.533333,0.933333,0.0003116250
0.566667,0.933333,0.0000585667
0.600000,0.933333,0.0000092564
0.633333,0.933333,0.0000012354
0.666667,0.933333,0.0000001400
0.700000,0.933333,0.0000000134
0.733333,0.933333,0.0000000010
0.766667,0.933333,0.0000000001
0.800000,0.933333,0.0000000000
0.833333,0.933333,0.0000000000
0.866667,0.933333,0.0000000000
0.900000,0.933333,0.0000000000
0.933333,0.933333,0.0000000000
0.966667,0.933333,0.0000000000
1.000000,0.933333,0.0000000000
0.000000,0.966667,nan
0.033333,0.966667,nan
0.066667,0.966667,nan
0.100000,0.966667,nan
0.133333,0.966667,nan
0.166667,0.966667,nan
0.200000,0.966667,nan
0.233333,0.966667,nan
0.266667,0.966667,nan
0.300000,0.966667,nan
0.333333,0.966667,nan
0.366667,0.966667,nan
0.400000,0.966667,0.0465131994
0.433333,0.966667,0.0169620911
0.466667,0.966667,0.0052791097
0.500000,0.966667,0.0013953736
0.533333,0.966667,0.0003116250
0.566667,0.966667,0.0000585667
0.600000,0.966667,0.0000092564
0.633333,0.966667,0.0000012354
0.666667,0.966667,0.0000001400
0.700000,0.966667,0.0000000134
0.733333,0.966667,0.0000000010
0.766667,0.966667,0.0000000001
0.800000,0.966667,0.0000000000
0.833333,0.966667,0.0000000000
0.866667,0.966667,0.0000000000
0.900000,0.966667,0.0000000000
0.933333,0.966667,0.0000000000
0.966667,0.966667,0.0000000000
1.000000,0.966667,0.0000000000
0.000000,1.000000,nan
0.033333,1.000000,nan
0.066667,1.000000,nan
0.100000,1.000000,nan
0.133333,1.000000,nan
0.166667,1.000000,nan
0.200000,1.000000,nan
0.233333,1.000000,nan
0.266667,1.000000,nan
0.300000,1.000000,nan
0.333333,1.000000,nan
0.366667,1.000000,nan
0.400000,1.000000,0.0465131994
0.433333,1.000000,0.0169620911
0.466667,1.000000,0.0052791097
0.500000,1.000000,0.0013953736
0.533333,1.000000,0.0003116250
0.566667,1.000000,0.0000585667
0.600000,1.000000,0.0000092564
0.633333,1.000000,0.0000012354
0.666667,1.000000,0.0000001400
0.700000,1.000000,0.0000000134
0.733333,1.000000,0.0000000010
0.766667,1.000000,0.0000000001
0.800000,1.000000,0.0000000000
0.833333,1.000000,0.0000000000
0.866667,1.000000,0.0000000000
0.900000,1.000000,0.0000000000
0.933333,1.000000,0.0000000000
0.966667,1.000000,0.0000000000
1.000000,1.000000,0.0000000000
