configuration,J,alpha,target,phi_E1,phi_E0,rho,scenario,kind,simulations,seed,fwer,g1,g2
J2_a0p05_p0p80_e0p30_0p10,2,0.05,0.8,0.3,0.1,0.0,H0_s0_k0,null,100000,21066563,0.03491,nan,nan
J2_a0p05_p0p80_e0p30_0p10,2,0.05,0.8,0.3,0.1,0.0,H0_s0_k1,null,100000,21067572,0.00328,nan,nan
J2_a0p05_p0p80_e0p30_0p10,2,0.05,0.8,0.3,0.1,0.0,H0_s0_k2,null,100000,21068581,3e-05,nan,nan
J2_a0p05_p0p80_e0p30_0p10,2,0.05,0.8,0.3,0.1,0.0,H0_s1_k1,null,100000,21069590,0.04917,nan,nan
J2_a0p05_p0p80_e0p30_0p10,2,0.05,0.8,0.3,0.1,0.0,H0_s1_k2,null,100000,21070599,0.0016,nan,nan
J2_a0p05_p0p80_e0p30_0p10,2,0.05,0.8,0.3,0.1,0.0,H0_s2_k2,null,100000,21071608,0.01993,nan,nan
J2_a0p05_p0p80_e0p30_0p10,2,0.05,0.8,0.3,0.1,0.0,W1,alternative,100000,21072617,nan,0.825,0.85603
J2_a0p05_p0p80_e0p30_0p10,2,0.05,0.8,0.3,0.1,0.0,W2,alternative,100000,21073626,nan,0.82598,0.84414
J2_a0p05_p0p80_e0p30_0p10,2,0.05,0.8,0.3,0.1,0.0,P1,alternative,100000,21074635,nan,0.96195,0.96195
J2_a0p05_p0p80_e0p30_0p10,2,0.05,0.8,0.3,0.1,0.3,H0_s0_k0,null,100000,21171292,0.03172,nan,nan
J2_a0p05_p0p80_e0p30_0p10,2,0.05,0.8,0.3,0.1,0.3,H0_s0_k1,null,100000,21172301,0.00195,nan,nan
J2_a0p05_p0p80_e0p30_0p10,2,0.05,0.8,0.3,0.1,0.3,H0_s0_k2,null,100000,21173310,0.0,nan,nan
J2_a0p05_p0p80_e0p30_0p10,2,0.05,0.8,0.3,0.1,0.3,H0_s1_k1,null,100000,21174319,0.04263,nan,nan
J2_a0p05_p0p80_e0p30_0p10,2,0.05,0.8,0.3,0.1,0.3,H0_s1_k2,null,100000,21175328,0.00067,nan,nan
J2_a0p05_p0p80_e0p30_0p10,2,0.05,0.8,0.3,0.1,0.3,H0_s2_k2,null,100000,21176337,0.01496,nan,nan
J2_a0p05_p0p80_e0p30_0p10,2,0.05,0.8,0.3,0.1,0.3,W1,alternative,100000,21177346,nan,0.82124,0.85142
J2_a0p05_p0p80_e0p30_0p10,2,0.05,0.8,0.3,0.1,0.3,W2,alternative,100000,21178355,nan,0.82177,0.83898
J2_a0p05_p0p80_e0p30_0p10,2,0.05,0.8,0.3,0.1,0.3,P1,alternative,100000,21179364,nan,0.96164,0.96164
J2_a0p05_p0p80_e0p60_0p40,2,0.05,0.8,0.6,0.4,0.0,H0_s0_k0,null,100000,21066563,0.02047,nan,nan
J2_a0p05_p0p80_e0p60_0p40,2,0.05,0.8,0.6,0.4,0.0,H0_s0_k1,null,100000,21067572,0.00154,nan,nan
J2_a0p05_p0p80_e0p60_0p40,2,0.05,0.8,0.6,0.4,0.0,H0_s0_k2,null,100000,21068581,7e-05,nan,nan
J2_a0p05_p0p80_e0p60_0p40,2,0.05,0.8,0.6,0.4,0.0,H0_s1_k1,null,100000,21069590,0.04599,nan,nan
J2_a0p05_p0p80_e0p60_0p40,2,0.05,0.8,0.6,0.4,0.0,H0_s1_k2,null,100000,21070599,0.00283,nan,nan
J2_a0p05_p0p80_e0p60_0p40,2,0.05,0.8,0.6,0.4,0.0,H0_s2_k2,null,100000,21071608,0.03026,nan,nan
J2_a0p05_p0p80_e0p60_0p40,2,0.05,0.8,0.6,0.4,0.0,W1,alternative,100000,21072617,nan,0.82159,0.84079
J2_a0p05_p0p80_e0p60_0p40,2,0.05,0.8,0.6,0.4,0.0,W2,alternative,100000,21073626,nan,0.81884,0.84559
J2_a0p05_p0p80_e0p60_0p40,2,0.05,0.8,0.6,0.4,0.0,P1,alternative,100000,21074635,nan,0.96105,0.96105
J2_a0p05_p0p80_e0p60_0p40,2,0.05,0.8,0.6,0.4,0.3,H0_s0_k0,null,100000,21171292,0.01705,nan,nan
J2_a0p05_p0p80_e0p60_0p40,2,0.05,0.8,0.6,0.4,0.3,H0_s0_k1,null,100000,21172301,0.00075,nan,nan
J2_a0p05_p0p80_e0p60_0p40,2,0.05,0.8,0.6,0.4,0.3,H0_s0_k2,null,100000,21173310,1e-05,nan,nan
J2_a0p05_p0p80_e0p60_0p40,2,0.05,0.8,0.6,0.4,0.3,H0_s1_k1,null,100000,21174319,0.03838,nan,nan
J2_a0p05_p0p80_e0p60_0p40,2,0.05,0.8,0.6,0.4,0.3,H0_s1_k2,null,100000,21175328,0.00167,nan,nan
J2_a0p05_p0p80_e0p60_0p40,2,0.05,0.8,0.6,0.4,0.3,H0_s2_k2,null,100000,21176337,0.02583,nan,nan
J2_a0p05_p0p80_e0p60_0p40,2,0.05,0.8,0.6,0.4,0.3,W1,alternative,100000,21177346,nan,0.81906,0.83674
J2_a0p05_p0p80_e0p60_0p40,2,0.05,0.8,0.6,0.4,0.3,W2,alternative,100000,21178355,nan,0.81525,0.84131
J2_a0p05_p0p80_e0p60_0p40,2,0.05,0.8,0.6,0.4,0.3,P1,alternative,100000,21179364,nan,0.96013,0.96013
J2_a0p05_p0p90_e0p30_0p10,2,0.05,0.9,0.3,0.1,0.0,H0_s0_k0,null,100000,21066563,0.02803,nan,nan
J2_a0p05_p0p90_e0p30_0p10,2,0.05,0.9,0.3,0.1,0.0,H0_s0_k1,null,100000,21067572,0.00221,nan,nan
J2_a0p05_p0p90_e0p30_0p10,2,0.05,0.9,0.3,0.1,0.0,H0_s0_k2,null,100000,21068581,4e-05,nan,nan
J2_a0p05_p0p90_e0p30_0p10,2,0.05,0.9,0.3,0.1,0.0,H0_s1_k1,null,100000,21069590,0.04972,nan,nan
J2_a0p05_p0p90_e0p30_0p10,2,0.05,0.9,0.3,0.1,0.0,H0_s1_k2,null,100000,21070599,0.00219,nan,nan
J2_a0p05_p0p90_e0p30_0p10,2,0.05,0.9,0.3,0.1,0.0,H0_s2_k2,null,100000,21071608,0.02575,nan,nan
J2_a0p05_p0p90_e0p30_0p10,2,0.05,0.9,0.3,0.1,0.0,W1,alternative,100000,21072617,nan,0.91337,0.93922
J2_a0p05_p0p90_e0p30_0p10,2,0.05,0.9,0.3,0.1,0.0,W2,alternative,100000,21073626,nan,0.90959,0.93435
J2_a0p05_p0p90_e0p30_0p10,2,0.05,0.9,0.3,0.1,0.0,P1,alternative,100000,21074635,nan,0.9912,0.9912
J2_a0p05_p0p90_e0p30_0p10,2,0.05,0.9,0.3,0.1,0.3,H0_s0_k0,null,100000,21171292,0.02702,nan,nan
J2_a0p05_p0p90_e0p30_0p10,2,0.05,0.9,0.3,0.1,0.3,H0_s0_k1,null,100000,21172301,0.00134,nan,nan
J2_a0p05_p0p90_e0p30_0p10,2,0.05,0.9,0.3,0.1,0.3,H0_s0_k2,null,100000,21173310,1e-05,nan,nan
J2_a0p05_p0p90_e0p30_0p10,2,0.05,0.9,0.3,0.1,0.3,H0_s1_k1,null,100000,21174319,0.04562,nan,nan
J2_a0p05_p0p90_e0p30_0p10,2,0.05,0.9,0.3,0.1,0.3,H0_s1_k2,null,100000,21175328,0.00118,nan,nan
J2_a0p05_p0p90_e0p30_0p10,2,0.05,0.9,0.3,0.1,0.3,H0_s2_k2,null,100000,21176337,0.0222,nan,nan
J2_a0p05_p0p90_e0p30_0p10,2,0.05,0.9,0.3,0.1,0.3,W1,alternative,100000,21177346,nan,0.91375,0.9392
J2_a0p05_p0p90_e0p30_0p10,2,0.05,0.9,0.3,0.1,0.3,W2,alternative,100000,21178355,nan,0.90944,0.9332
J2_a0p05_p0p90_e0p30_0p10,2,0.05,0.9,0.3,0.1,0.3,P1,alternative,100000,21179364,nan,0.9911,0.9911
J2_a0p05_p0p90_e0p60_0p40,2,0.05,0.9,0.6,0.4,0.0,H0_s0_k0,null,100000,21066563,0.01641,nan,nan
J2_a0p05_p0p90_e0p60_0p40,2,0.05,0.9,0.6,0.4,0.0,H0_s0_k1,null,100000,21067572,0.00089,nan,nan
J2_a0p05_p0p90_e0p60_0p40,2,0.05,0.9,0.6,0.4,0.0,H0_s0_k2,null,100000,21068581,4e-05,nan,nan
J2_a0p05_p0p90_e0p60_0p40,2,0.05,0.9,0.6,0.4,0.0,H0_s1_k1,null,100000,21069590,0.03896,nan,nan
J2_a0p05_p0p90_e0p60_0p40,2,0.05,0.9,0.6,0.4,0.0,H0_s1_k2,null,100000,21070599,0.00186,nan,nan
J2_a0p05_p0p90_e0p60_0p40,2,0.05,0.9,0.6,0.4,0.0,H0_s2_k2,null,100000,21071608,0.02649,nan,nan
J2_a0p05_p0p90_e0p60_0p40,2,0.05,0.9,0.6,0.4,0.0,W1,alternative,100000,21072617,nan,0.91146,0.92688
J2_a0p05_p0p90_e0p60_0p40,2,0.05,0.9,0.6,0.4,0.0,W2,alternative,100000,21073626,nan,0.90381,0.92738
J2_a0p05_p0p90_e0p60_0p40,2,0.05,0.9,0.6,0.4,0.0,P1,alternative,100000,21074635,nan,0.99066,0.99066
J2_a0p05_p0p90_e0p60_0p40,2,0.05,0.9,0.6,0.4,0.3,H0_s0_k0,null,100000,21171292,0.0146,nan,nan
J2_a0p05_p0p90_e0p60_0p40,2,0.05,0.9,0.6,0.4,0.3,H0_s0_k1,null,100000,21172301,0.00049,nan,nan
J2_a0p05_p0p90_e0p60_0p40,2,0.05,0.9,0.6,0.4,0.3,H0_s0_k2,null,100000,21173310,0.0,nan,nan
J2_a0p05_p0p90_e0p60_0p40,2,0.05,0.9,0.6,0.4,0.3,H0_s1_k1,null,100000,21174319,0.03613,nan,nan
J2_a0p05_p0p90_e0p60_0p40,2,0.05,0.9,0.6,0.4,0.3,H0_s1_k2,null,100000,21175328,0.00122,nan,nan
J2_a0p05_p0p90_e0p60_0p40,2,0.05,0.9,0.6,0.4,0.3,H0_s2_k2,null,100000,21176337,0.02359,nan,nan
J2_a0p05_p0p90_e0p60_0p40,2,0.05,0.9,0.6,0.4,0.3,W1,alternative,100000,21177346,nan,0.91058,0.92605
J2_a0p05_p0p90_e0p60_0p40,2,0.05,0.9,0.6,0.4,0.3,W2,alternative,100000,21178355,nan,0.90261,0.92638
J2_a0p05_p0p90_e0p60_0p40,2,0.05,0.9,0.6,0.4,0.3,P1,alternative,100000,21179364,nan,0.9903,0.9903
J2_a0p10_p0p80_e0p30_0p10,2,0.1,0.8,0.3,0.1,0.0,H0_s0_k0,null,100000,21066563,0.04421,nan,nan
J2_a0p10_p0p80_e0p30_0p10,2,0.1,0.8,0.3,0.1,0.0,H0_s0_k1,null,100000,21067572,0.00531,nan,nan
J2_a0p10_p0p80_e0p30_0p10,2,0.1,0.8,0.3,0.1,0.0,H0_s0_k2,null,100000,21068581,0.00017,nan,nan
J2_a0p10_p0p80_e0p30_0p10,2,0.1,0.8,0.3,0.1,0.0,H0_s1_k1,null,100000,21069590,0.06645,nan,nan
J2_a0p10_p0p80_e0p30_0p10,2,0.1,0.8,0.3,0.1,0.0,H0_s1_k2,null,100000,21070599,0.00323,nan,nan
J2_a0p10_p0p80_e0p30_0p10,2,0.1,0.8,0.3,0.1,0.0,H0_s2_k2,null,100000,21071608,0.02949,nan,nan
J2_a0p10_p0p80_e0p30_0p10,2,0.1,0.8,0.3,0.1,0.0,W1,alternative,100000,21072617,nan,0.81498,0.85431
J2_a0p10_p0p80_e0p30_0p10,2,0.1,0.8,0.3,0.1,0.0,W2,alternative,100000,21073626,nan,0.8151,0.84182
J2_a0p10_p0p80_e0p30_0p10,2,0.1,0.8,0.3,0.1,0.0,P1,alternative,100000,21074635,nan,0.96057,0.96057
J2_a0p10_p0p80_e0p30_0p10,2,0.1,0.8,0.3,0.1,0.3,H0_s0_k0,null,100000,21171292,0.0405,nan,nan
J2_a0p10_p0p80_e0p30_0p10,2,0.1,0.8,0.3,0.1,0.3,H0_s0_k1,null,100000,21172301,0.0032,nan,nan
J2_a0p10_p0p80_e0p30_0p10,2,0.1,0.8,0.3,0.1,0.3,H0_s0_k2,null,100000,21173310,1e-05,nan,nan
J2_a0p10_p0p80_e0p30_0p10,2,0.1,0.8,0.3,0.1,0.3,H0_s1_k1,null,100000,21174319,0.05758,nan,nan
J2_a0p10_p0p80_e0p30_0p10,2,0.1,0.8,0.3,0.1,0.3,H0_s1_k2,null,100000,21175328,0.0015,nan,nan
J2_a0p10_p0p80_e0p30_0p10,2,0.1,0.8,0.3,0.1,0.3,H0_s2_k2,null,100000,21176337,0.02311,nan,nan
J2_a0p10_p0p80_e0p30_0p10,2,0.1,0.8,0.3,0.1,0.3,W1,alternative,100000,21177346,nan,0.81156,0.85017
J2_a0p10_p0p80_e0p30_0p10,2,0.1,0.8,0.3,0.1,0.3,W2,alternative,100000,21178355,nan,0.81091,0.83635
J2_a0p10_p0p80_e0p30_0p10,2,0.1,0.8,0.3,0.1,0.3,P1,alternative,100000,21179364,nan,0.96014,0.96014
J2_a0p10_p0p80_e0p60_0p40,2,0.1,0.8,0.6,0.4,0.0,H0_s0_k0,null,100000,21066563,0.04065,nan,nan
J2_a0p10_p0p80_e0p60_0p40,2,0.1,0.8,0.6,0.4,0.0,H0_s0_k1,null,100000,21067572,0.00543,nan,nan
J2_a0p10_p0p80_e0p60_0p40,2,0.1,0.8,0.6,0.4,0.0,H0_s0_k2,null,100000,21068581,0.00043,nan,nan
J2_a0p10_p0p80_e0p60_0p40,2,0.1,0.8,0.6,0.4,0.0,H0_s1_k1,null,100000,21069590,0.08159,nan,nan
J2_a0p10_p0p80_e0p60_0p40,2,0.1,0.8,0.6,0.4,0.0,H0_s1_k2,null,100000,21070599,0.00759,nan,nan
J2_a0p10_p0p80_e0p60_0p40,2,0.1,0.8,0.6,0.4,0.0,H0_s2_k2,null,100000,21071608,0.05075,nan,nan
J2_a0p10_p0p80_e0p60_0p40,2,0.1,0.8,0.6,0.4,0.0,W1,alternative,100000,21072617,nan,0.8087,0.84613
J2_a0p10_p0p80_e0p60_0p40,2,0.1,0.8,0.6,0.4,0.0,W2,alternative,100000,21073626,nan,0.80713,0.85246
J2_a0p10_p0p80_e0p60_0p40,2,0.1,0.8,0.6,0.4,0.0,P1,alternative,100000,21074635,nan,0.96333,0.96333
J2_a0p10_p0p80_e0p60_0p40,2,0.1,0.8,0.6,0.4,0.3,H0_s0_k0,null,100000,21171292,0.03474,nan,nan
J2_a0p10_p0p80_e0p60_0p40,2,0.1,0.8,0.6,0.4,0.3,H0_s0_k1,null,100000,21172301,0.00295,nan,nan
J2_a0p10_p0p80_e0p60_0p40,2,0.1,0.8,0.6,0.4,0.3,H0_s0_k2,null,100000,21173310,8e-05,nan,nan
J2_a0p10_p0p80_e0p60_0p40,2,0.1,0.8,0.6,0.4,0.3,H0_s1_k1,null,100000,21174319,0.07098,nan,nan
J2_a0p10_p0p80_e0p60_0p40,2,0.1,0.8,0.6,0.4,0.3,H0_s1_k2,null,100000,21175328,0.0046,nan,nan
J2_a0p10_p0p80_e0p60_0p40,2,0.1,0.8,0.6,0.4,0.3,H0_s2_k2,null,100000,21176337,0.04603,nan,nan
J2_a0p10_p0p80_e0p60_0p40,2,0.1,0.8,0.6,0.4,0.3,W1,alternative,100000,21177346,nan,0.8067,0.84205
J2_a0p10_p0p80_e0p60_0p40,2,0.1,0.8,0.6,0.4,0.3,W2,alternative,100000,21178355,nan,0.80467,0.84815
J2_a0p10_p0p80_e0p60_0p40,2,0.1,0.8,0.6,0.4,0.3,P1,alternative,100000,21179364,nan,0.96206,0.96206
J2_a0p10_p0p90_e0p30_0p10,2,0.1,0.9,0.3,0.1,0.0,H0_s0_k0,null,100000,21066563,0.04296,nan,nan
J2_a0p10_p0p90_e0p30_0p10,2,0.1,0.9,0.3,0.1,0.0,H0_s0_k1,null,100000,21067572,0.00494,nan,nan
J2_a0p10_p0p90_e0p30_0p10,2,0.1,0.9,0.3,0.1,0.0,H0_s0_k2,null,100000,21068581,0.00018,nan,nan
J2_a0p10_p0p90_e0p30_0p10,2,0.1,0.9,0.3,0.1,0.0,H0_s1_k1,null,100000,21069590,0.0706,nan,nan
J2_a0p10_p0p90_e0p30_0p10,2,0.1,0.9,0.3,0.1,0.0,H0_s1_k2,null,100000,21070599,0.00369,nan,nan
J2_a0p10_p0p90_e0p30_0p10,2,0.1,0.9,0.3,0.1,0.0,H0_s2_k2,null,100000,21071608,0.0341,nan,nan
J2_a0p10_p0p90_e0p30_0p10,2,0.1,0.9,0.3,0.1,0.0,W1,alternative,100000,21072617,nan,0.90379,0.94319
J2_a0p10_p0p90_e0p30_0p10,2,0.1,0.9,0.3,0.1,0.0,W2,alternative,100000,21073626,nan,0.90815,0.93993
J2_a0p10_p0p90_e0p30_0p10,2,0.1,0.9,0.3,0.1,0.0,P1,alternative,100000,21074635,nan,0.99261,0.99261
J2_a0p10_p0p90_e0p30_0p10,2,0.1,0.9,0.3,0.1,0.3,H0_s0_k0,null,100000,21171292,0.04164,nan,nan
J2_a0p10_p0p90_e0p30_0p10,2,0.1,0.9,0.3,0.1,0.3,H0_s0_k1,null,100000,21172301,0.00309,nan,nan
J2_a0p10_p0p90_e0p30_0p10,2,0.1,0.9,0.3,0.1,0.3,H0_s0_k2,null,100000,21173310,4e-05,nan,nan
J2_a0p10_p0p90_e0p30_0p10,2,0.1,0.9,0.3,0.1,0.3,H0_s1_k1,null,100000,21174319,0.06686,nan,nan
J2_a0p10_p0p90_e0p30_0p10,2,0.1,0.9,0.3,0.1,0.3,H0_s1_k2,null,100000,21175328,0.00212,nan,nan
J2_a0p10_p0p90_e0p30_0p10,2,0.1,0.9,0.3,0.1,0.3,H0_s2_k2,null,100000,21176337,0.03008,nan,nan
J2_a0p10_p0p90_e0p30_0p10,2,0.1,0.9,0.3,0.1,0.3,W1,alternative,100000,21177346,nan,0.90359,0.94286
J2_a0p10_p0p90_e0p30_0p10,2,0.1,0.9,0.3,0.1,0.3,W2,alternative,100000,21178355,nan,0.90741,0.93845
J2_a0p10_p0p90_e0p30_0p10,2,0.1,0.9,0.3,0.1,0.3,P1,alternative,100000,21179364,nan,0.99265,0.99265
J2_a0p10_p0p90_e0p60_0p40,2,0.1,0.9,0.6,0.4,0.0,H0_s0_k0,null,100000,21066563,0.04558,nan,nan
J2_a0p10_p0p90_e0p60_0p40,2,0.1,0.9,0.6,0.4,0.0,H0_s0_k1,null,100000,21067572,0.00622,nan,nan
J2_a0p10_p0p90_e0p60_0p40,2,0.1,0.9,0.6,0.4,0.0,H0_s0_k2,null,100000,21068581,0.00048,nan,nan
J2_a0p10_p0p90_e0p60_0p40,2,0.1,0.9,0.6,0.4,0.0,H0_s1_k1,null,100000,21069590,0.08996,nan,nan
J2_a0p10_p0p90_e0p60_0p40,2,0.1,0.9,0.6,0.4,0.0,H0_s1_k2,null,100000,21070599,0.00804,nan,nan
J2_a0p10_p0p90_e0p60_0p40,2,0.1,0.9,0.6,0.4,0.0,H0_s2_k2,null,100000,21071608,0.05387,nan,nan
J2_a0p10_p0p90_e0p60_0p40,2,0.1,0.9,0.6,0.4,0.0,W1,alternative,100000,21072617,nan,0.90903,0.95143
J2_a0p10_p0p90_e0p60_0p40,2,0.1,0.9,0.6,0.4,0.0,W2,alternative,100000,21073626,nan,0.90237,0.9525
J2_a0p10_p0p90_e0p60_0p40,2,0.1,0.9,0.6,0.4,0.0,P1,alternative,100000,21074635,nan,0.99517,0.99517
J2_a0p10_p0p90_e0p60_0p40,2,0.1,0.9,0.6,0.4,0.3,H0_s0_k0,null,100000,21171292,0.0425,nan,nan
J2_a0p10_p0p90_e0p60_0p40,2,0.1,0.9,0.6,0.4,0.3,H0_s0_k1,null,100000,21172301,0.00375,nan,nan
J2_a0p10_p0p90_e0p60_0p40,2,0.1,0.9,0.6,0.4,0.3,H0_s0_k2,null,100000,21173310,0.0001,nan,nan
J2_a0p10_p0p90_e0p60_0p40,2,0.1,0.9,0.6,0.4,0.3,H0_s1_k1,null,100000,21174319,0.08499,nan,nan
J2_a0p10_p0p90_e0p60_0p40,2,0.1,0.9,0.6,0.4,0.3,H0_s1_k2,null,100000,21175328,0.00559,nan,nan
J2_a0p10_p0p90_e0p60_0p40,2,0.1,0.9,0.6,0.4,0.3,H0_s2_k2,null,100000,21176337,0.0521,nan,nan
J2_a0p10_p0p90_e0p60_0p40,2,0.1,0.9,0.6,0.4,0.3,W1,alternative,100000,21177346,nan,0.90953,0.95137
J2_a0p10_p0p90_e0p60_0p40,2,0.1,0.9,0.6,0.4,0.3,W2,alternative,100000,21178355,nan,0.90304,0.95193
J2_a0p10_p0p90_e0p60_0p40,2,0.1,0.9,0.6,0.4,0.3,P1,alternative,100000,21179364,nan,0.99499,0.99499
J3_a0p05_p0p80_e0p30_0p10,3,0.05,0.8,0.3,0.1,0.0,H0_s0_k0,null,100000,21066563,0.04272,nan,nan
J3_a0p05_p0p80_e0p30_0p10,3,0.05,0.8,0.3,0.1,0.0,H0_s0_k1,null,100000,21067572,0.00431,nan,nan
J3_a0p05_p0p80_e0p30_0p10,3,0.05,0.8,0.3,0.1,0.0,H0_s0_k2,null,100000,21068581,0.00035,nan,nan
J3_a0p05_p0p80_e0p30_0p10,3,0.05,0.8,0.3,0.1,0.0,H0_s0_k3,null,100000,21069590,0.0,nan,nan
J3_a0p05_p0p80_e0p30_0p10,3,0.05,0.8,0.3,0.1,0.0,H0_s1_k1,null,100000,21070599,0.05045,nan,nan
J3_a0p05_p0p80_e0p30_0p10,3,0.05,0.8,0.3,0.1,0.0,H0_s1_k2,null,100000,21071608,0.00394,nan,nan
J3_a0p05_p0p80_e0p30_0p10,3,0.05,0.8,0.3,0.1,0.0,H0_s1_k3,null,100000,21072617,7e-05,nan,nan
J3_a0p05_p0p80_e0p30_0p10,3,0.05,0.8,0.3,0.1,0.0,H0_s2_k2,null,100000,21073626,0.04702,nan,nan
J3_a0p05_p0p80_e0p30_0p10,3,0.05,0.8,0.3,0.1,0.0,H0_s2_k3,null,100000,21074635,0.00065,nan,nan
J3_a0p05_p0p80_e0p30_0p10,3,0.05,0.8,0.3,0.1,0.0,H0_s3_k3,null,100000,21075644,0.01034,nan,nan
J3_a0p05_p0p80_e0p30_0p10,3,0.05,0.8,0.3,0.1,0.0,W1,alternative,100000,21076653,nan,0.81737,0.858
J3_a0p05_p0p80_e0p30_0p10,3,0.05,0.8,0.3,0.1,0.0,W2,alternative,100000,21077662,nan,0.80294,0.85122
J3_a0p05_p0p80_e0p30_0p10,3,0.05,0.8,0.3,0.1,0.0,W3,alternative,100000,21078671,nan,0.84486,0.85449
J3_a0p05_p0p80_e0p30_0p10,3,0.05,0.8,0.3,0.1,0.0,P1,alternative,100000,21079680,nan,0.92514,0.96537
J3_a0p05_p0p80_e0p30_0p10,3,0.05,0.8,0.3,0.1,0.0,P2,alternative,100000,21080689,nan,0.95438,0.9644
J3_a0p05_p0p80_e0p30_0p10,3,0.05,0.8,0.3,0.1,0.3,H0_s0_k0,null,100000,21171292,0.03735,nan,nan
J3_a0p05_p0p80_e0p30_0p10,3,0.05,0.8,0.3,0.1,0.3,H0_s0_k1,null,100000,21172301,0.00305,nan,nan
J3_a0p05_p0p80_e0p30_0p10,3,0.05,0.8,0.3,0.1,0.3,H0_s0_k2,null,100000,21173310,0.00021,nan,nan
J3_a0p05_p0p80_e0p30_0p10,3,0.05,0.8,0.3,0.1,0.3,H0_s0_k3,null,100000,21174319,0.0,nan,nan
J3_a0p05_p0p80_e0p30_0p10,3,0.05,0.8,0.3,0.1,0.3,H0_s1_k1,null,100000,21175328,0.04367,nan,nan
J3_a0p05_p0p80_e0p30_0p10,3,0.05,0.8,0.3,0.1,0.3,H0_s1_k2,null,100000,21176337,0.00314,nan,nan
J3_a0p05_p0p80_e0p30_0p10,3,0.05,0.8,0.3,0.1,0.3,H0_s1_k3,null,100000,21177346,2e-05,nan,nan
J3_a0p05_p0p80_e0p30_0p10,3,0.05,0.8,0.3,0.1,0.3,H0_s2_k2,null,100000,21178355,0.04088,nan,nan
J3_a0p05_p0p80_e0p30_0p10,3,0.05,0.8,0.3,0.1,0.3,H0_s2_k3,null,100000,21179364,0.00024,nan,nan
J3_a0p05_p0p80_e0p30_0p10,3,0.05,0.8,0.3,0.1,0.3,H0_s3_k3,null,100000,21180373,0.00785,nan,nan
J3_a0p05_p0p80_e0p30_0p10,3,0.05,0.8,0.3,0.1,0.3,W1,alternative,100000,21181382,nan,0.8137,0.85265
J3_a0p05_p0p80_e0p30_0p10,3,0.05,0.8,0.3,0.1,0.3,W2,alternative,100000,21182391,nan,0.79981,0.84687
J3_a0p05_p0p80_e0p30_0p10,3,0.05,0.8,0.3,0.1,0.3,W3,alternative,100000,21183400,nan,0.83921,0.84821
J3_a0p05_p0p80_e0p30_0p10,3,0.05,0.8,0.3,0.1,0.3,P1,alternative,100000,21184409,nan,0.92529,0.96482
J3_a0p05_p0p80_e0p30_0p10,3,0.05,0.8,0.3,0.1,0.3,P2,alternative,100000,21185418,nan,0.95376,0.96342
J3_a0p05_p0p80_e0p60_0p40,3,0.05,0.8,0.6,0.4,0.0,H0_s0_k0,null,100000,21066563,0.02531,nan,nan
J3_a0p05_p0p80_e0p60_0p40,3,0.05,0.8,0.6,0.4,0.0,H0_s0_k1,null,100000,21067572,0.00224,nan,nan
J3_a0p05_p0p80_e0p60_0p40,3,0.05,0.8,0.6,0.4,0.0,H0_s0_k2,null,100000,21068581,0.00011,nan,nan
J3_a0p05_p0p80_e0p60_0p40,3,0.05,0.8,0.6,0.4,0.0,H0_s0_k3,null,100000,21069590,2e-05,nan,nan
J3_a0p05_p0p80_e0p60_0p40,3,0.05,0.8,0.6,0.4,0.0,H0_s1_k1,null,100000,21070599,0.0504,nan,nan
J3_a0p05_p0p80_e0p60_0p40,3,0.05,0.8,0.6,0.4,0.0,H0_s1_k2,null,100000,21071608,0.0038,nan,nan
J3_a0p05_p0p80_e0p60_0p40,3,0.05,0.8,0.6,0.4,0.0,H0_s1_k3,null,100000,21072617,0.00031,nan,nan
J3_a0p05_p0p80_e0p60_0p40,3,0.05,0.8,0.6,0.4,0.0,H0_s2_k2,null,100000,21073626,0.05007,nan,nan
J3_a0p05_p0p80_e0p60_0p40,3,0.05,0.8,0.6,0.4,0.0,H0_s2_k3,null,100000,21074635,0.00265,nan,nan
J3_a0p05_p0p80_e0p60_0p40,3,0.05,0.8,0.6,0.4,0.0,H0_s3_k3,null,100000,21075644,0.02935,nan,nan
J3_a0p05_p0p80_e0p60_0p40,3,0.05,0.8,0.6,0.4,0.0,W1,alternative,100000,21076653,nan,0.83356,0.85777
J3_a0p05_p0p80_e0p60_0p40,3,0.05,0.8,0.6,0.4,0.0,W2,alternative,100000,21077662,nan,0.81072,0.85921
J3_a0p05_p0p80_e0p60_0p40,3,0.05,0.8,0.6,0.4,0.0,W3,alternative,100000,21078671,nan,0.83966,0.86764
J3_a0p05_p0p80_e0p60_0p40,3,0.05,0.8,0.6,0.4,0.0,P1,alternative,100000,21079680,nan,0.94093,0.96547
J3_a0p05_p0p80_e0p60_0p40,3,0.05,0.8,0.6,0.4,0.0,P2,alternative,100000,21080689,nan,0.94161,0.96971
J3_a0p05_p0p80_e0p60_0p40,3,0.05,0.8,0.6,0.4,0.3,H0_s0_k0,null,100000,21171292,0.02142,nan,nan
J3_a0p05_p0p80_e0p60_0p40,3,0.05,0.8,0.6,0.4,0.3,H0_s0_k1,null,100000,21172301,0.00122,nan,nan
J3_a0p05_p0p80_e0p60_0p40,3,0.05,0.8,0.6,0.4,0.3,H0_s0_k2,null,100000,21173310,7e-05,nan,nan
J3_a0p05_p0p80_e0p60_0p40,3,0.05,0.8,0.6,0.4,0.3,H0_s0_k3,null,100000,21174319,0.0,nan,nan
J3_a0p05_p0p80_e0p60_0p40,3,0.05,0.8,0.6,0.4,0.3,H0_s1_k1,null,100000,21175328,0.04354,nan,nan
J3_a0p05_p0p80_e0p60_0p40,3,0.05,0.8,0.6,0.4,0.3,H0_s1_k2,null,100000,21176337,0.00273,nan,nan
J3_a0p05_p0p80_e0p60_0p40,3,0.05,0.8,0.6,0.4,0.3,H0_s1_k3,null,100000,21177346,0.00014,nan,nan
J3_a0p05_p0p80_e0p60_0p40,3,0.05,0.8,0.6,0.4,0.3,H0_s2_k2,null,100000,21178355,0.04334,nan,nan
J3_a0p05_p0p80_e0p60_0p40,3,0.05,0.8,0.6,0.4,0.3,H0_s2_k3,null,100000,21179364,0.00186,nan,nan
J3_a0p05_p0p80_e0p60_0p40,3,0.05,0.8,0.6,0.4,0.3,H0_s3_k3,null,100000,21180373,0.02529,nan,nan
J3_a0p05_p0p80_e0p60_0p40,3,0.05,0.8,0.6,0.4,0.3,W1,alternative,100000,21181382,nan,0.83331,0.85637
J3_a0p05_p0p80_e0p60_0p40,3,0.05,0.8,0.6,0.4,0.3,W2,alternative,100000,21182391,nan,0.8074,0.85512
J3_a0p05_p0p80_e0p60_0p40,3,0.05,0.8,0.6,0.4,0.3,W3,alternative,100000,21183400,nan,0.83722,0.86409
J3_a0p05_p0p80_e0p60_0p40,3,0.05,0.8,0.6,0.4,0.3,P1,alternative,100000,21184409,nan,0.94191,0.96687
J3_a0p05_p0p80_e0p60_0p40,3,0.05,0.8,0.6,0.4,0.3,P2,alternative,100000,21185418,nan,0.94129,0.96814
J3_a0p05_p0p90_e0p30_0p10,3,0.05,0.9,0.3,0.1,0.0,H0_s0_k0,null,100000,21066563,0.03357,nan,nan
J3_a0p05_p0p90_e0p30_0p10,3,0.05,0.9,0.3,0.1,0.0,H0_s0_k1,null,100000,21067572,0.00287,nan,nan
J3_a0p05_p0p90_e0p30_0p10,3,0.05,0.9,0.3,0.1,0.0,H0_s0_k2,null,100000,21068581,0.00018,nan,nan
J3_a0p05_p0p90_e0p30_0p10,3,0.05,0.9,0.3,0.1,0.0,H0_s0_k3,null,100000,21069590,0.0,nan,nan
J3_a0p05_p0p90_e0p30_0p10,3,0.05,0.9,0.3,0.1,0.0,H0_s1_k1,null,100000,21070599,0.04627,nan,nan
J3_a0p05_p0p90_e0p30_0p10,3,0.05,0.9,0.3,0.1,0.0,H0_s1_k2,null,100000,21071608,0.00276,nan,nan
J3_a0p05_p0p90_e0p30_0p10,3,0.05,0.9,0.3,0.1,0.0,H0_s1_k3,null,100000,21072617,0.00012,nan,nan
J3_a0p05_p0p90_e0p30_0p10,3,0.05,0.9,0.3,0.1,0.0,H0_s2_k2,null,100000,21073626,0.04388,nan,nan
J3_a0p05_p0p90_e0p30_0p10,3,0.05,0.9,0.3,0.1,0.0,H0_s2_k3,null,100000,21074635,0.00095,nan,nan
J3_a0p05_p0p90_e0p30_0p10,3,0.05,0.9,0.3,0.1,0.0,H0_s3_k3,null,100000,21075644,0.01404,nan,nan
J3_a0p05_p0p90_e0p30_0p10,3,0.05,0.9,0.3,0.1,0.0,W1,alternative,100000,21076653,nan,0.9138,0.94641
J3_a0p05_p0p90_e0p30_0p10,3,0.05,0.9,0.3,0.1,0.0,W2,alternative,100000,21077662,nan,0.89964,0.94473
J3_a0p05_p0p90_e0p30_0p10,3,0.05,0.9,0.3,0.1,0.0,W3,alternative,100000,21078671,nan,0.92972,0.94358
J3_a0p05_p0p90_e0p30_0p10,3,0.05,0.9,0.3,0.1,0.0,P1,alternative,100000,21079680,nan,0.96279,0.99388
J3_a0p05_p0p90_e0p30_0p10,3,0.05,0.9,0.3,0.1,0.0,P2,alternative,100000,21080689,nan,0.97927,0.99344
J3_a0p05_p0p90_e0p30_0p10,3,0.05,0.9,0.3,0.1,0.3,H0_s0_k0,null,100000,21171292,0.03246,nan,nan
J3_a0p05_p0p90_e0p30_0p10,3,0.05,0.9,0.3,0.1,0.3,H0_s0_k1,null,100000,21172301,0.00182,nan,nan
J3_a0p05_p0p90_e0p30_0p10,3,0.05,0.9,0.3,0.1,0.3,H0_s0_k2,null,100000,21173310,0.00013,nan,nan
J3_a0p05_p0p90_e0p30_0p10,3,0.05,0.9,0.3,0.1,0.3,H0_s0_k3,null,100000,21174319,0.0,nan,nan
J3_a0p05_p0p90_e0p30_0p10,3,0.05,0.9,0.3,0.1,0.3,H0_s1_k1,null,100000,21175328,0.04278,nan,nan
J3_a0p05_p0p90_e0p30_0p10,3,0.05,0.9,0.3,0.1,0.3,H0_s1_k2,null,100000,21176337,0.00243,nan,nan
J3_a0p05_p0p90_e0p30_0p10,3,0.05,0.9,0.3,0.1,0.3,H0_s1_k3,null,100000,21177346,4e-05,nan,nan
J3_a0p05_p0p90_e0p30_0p10,3,0.05,0.9,0.3,0.1,0.3,H0_s2_k2,null,100000,21178355,0.04107,nan,nan
J3_a0p05_p0p90_e0p30_0p10,3,0.05,0.9,0.3,0.1,0.3,H0_s2_k3,null,100000,21179364,0.00047,nan,nan
J3_a0p05_p0p90_e0p30_0p10,3,0.05,0.9,0.3,0.1,0.3,H0_s3_k3,null,100000,21180373,0.01196,nan,nan
J3_a0p05_p0p90_e0p30_0p10,3,0.05,0.9,0.3,0.1,0.3,W1,alternative,100000,21181382,nan,0.91342,0.9454
J3_a0p05_p0p90_e0p30_0p10,3,0.05,0.9,0.3,0.1,0.3,W2,alternative,100000,21182391,nan,0.89833,0.94328
J3_a0p05_p0p90_e0p30_0p10,3,0.05,0.9,0.3,0.1,0.3,W3,alternative,100000,21183400,nan,0.92812,0.942
J3_a0p05_p0p90_e0p30_0p10,3,0.05,0.9,0.3,0.1,0.3,P1,alternative,100000,21184409,nan,0.96306,0.99406
J3_a0p05_p0p90_e0p30_0p10,3,0.05,0.9,0.3,0.1,0.3,P2,alternative,100000,21185418,nan,0.97922,0.99332
J3_a0p05_p0p90_e0p60_0p40,3,0.05,0.9,0.6,0.4,0.0,H0_s0_k0,null,100000,21066563,0.01946,nan,nan
J3_a0p05_p0p90_e0p60_0p40,3,0.05,0.9,0.6,0.4,0.0,H0_s0_k1,null,100000,21067572,0.00137,nan,nan
J3_a0p05_p0p90_e0p60_0p40,3,0.05,0.9,0.6,0.4,0.0,H0_s0_k2,null,100000,21068581,6e-05,nan,nan
J3_a0p05_p0p90_e0p60_0p40,3,0.05,0.9,0.6,0.4,0.0,H0_s0_k3,null,100000,21069590,1e-05,nan,nan
J3_a0p05_p0p90_e0p60_0p40,3,0.05,0.9,0.6,0.4,0.0,H0_s1_k1,null,100000,21070599,0.04674,nan,nan
J3_a0p05_p0p90_e0p60_0p40,3,0.05,0.9,0.6,0.4,0.0,H0_s1_k2,null,100000,21071608,0.00345,nan,nan
J3_a0p05_p0p90_e0p60_0p40,3,0.05,0.9,0.6,0.4,0.0,H0_s1_k3,null,100000,21072617,0.00032,nan,nan
J3_a0p05_p0p90_e0p60_0p40,3,0.05,0.9,0.6,0.4,0.0,H0_s2_k2,null,100000,21073626,0.04749,nan,nan
J3_a0p05_p0p90_e0p60_0p40,3,0.05,0.9,0.6,0.4,0.0,H0_s2_k3,null,100000,21074635,0.00261,nan,nan
J3_a0p05_p0p90_e0p60_0p40,3,0.05,0.9,0.6,0.4,0.0,H0_s3_k3,null,100000,21075644,0.02865,nan,nan
J3_a0p05_p0p90_e0p60_0p40,3,0.05,0.9,0.6,0.4,0.0,W1,alternative,100000,21076653,nan,0.93099,0.94981
J3_a0p05_p0p90_e0p60_0p40,3,0.05,0.9,0.6,0.4,0.0,W2,alternative,100000,21077662,nan,0.90421,0.95016
J3_a0p05_p0p90_e0p60_0p40,3,0.05,0.9,0.6,0.4,0.0,W3,alternative,100000,21078671,nan,0.92441,0.95311
J3_a0p05_p0p90_e0p60_0p40,3,0.05,0.9,0.6,0.4,0.0,P1,alternative,100000,21079680,nan,0.9749,0.99494
J3_a0p05_p0p90_e0p60_0p40,3,0.05,0.9,0.6,0.4,0.0,P2,alternative,100000,21080689,nan,0.96651,0.99568
J3_a0p05_p0p90_e0p60_0p40,3,0.05,0.9,0.6,0.4,0.3,H0_s0_k0,null,100000,21171292,0.01769,nan,nan
J3_a0p05_p0p90_e0p60_0p40,3,0.05,0.9,0.6,0.4,0.3,H0_s0_k1,null,100000,21172301,0.00086,nan,nan
J3_a0p05_p0p90_e0p60_0p40,3,0.05,0.9,0.6,0.4,0.3,H0_s0_k2,null,100000,21173310,6e-05,nan,nan
J3_a0p05_p0p90_e0p60_0p40,3,0.05,0.9,0.6,0.4,0.3,H0_s0_k3,null,100000,21174319,0.0,nan,nan
J3_a0p05_p0p90_e0p60_0p40,3,0.05,0.9,0.6,0.4,0.3,H0_s1_k1,null,100000,21175328,0.04244,nan,nan
J3_a0p05_p0p90_e0p60_0p40,3,0.05,0.9,0.6,0.4,0.3,H0_s1_k2,null,100000,21176337,0.00251,nan,nan
J3_a0p05_p0p90_e0p60_0p40,3,0.05,0.9,0.6,0.4,0.3,H0_s1_k3,null,100000,21177346,0.00019,nan,nan
J3_a0p05_p0p90_e0p60_0p40,3,0.05,0.9,0.6,0.4,0.3,H0_s2_k2,null,100000,21178355,0.04313,nan,nan
J3_a0p05_p0p90_e0p60_0p40,3,0.05,0.9,0.6,0.4,0.3,H0_s2_k3,null,100000,21179364,0.00189,nan,nan
J3_a0p05_p0p90_e0p60_0p40,3,0.05,0.9,0.6,0.4,0.3,H0_s3_k3,null,100000,21180373,0.02764,nan,nan
J3_a0p05_p0p90_e0p60_0p40,3,0.05,0.9,0.6,0.4,0.3,W1,alternative,100000,21181382,nan,0.93438,0.95305
J3_a0p05_p0p90_e0p60_0p40,3,0.05,0.9,0.6,0.4,0.3,W2,alternative,100000,21182391,nan,0.90484,0.95035
J3_a0p05_p0p90_e0p60_0p40,3,0.05,0.9,0.6,0.4,0.3,W3,alternative,100000,21183400,nan,0.92147,0.95108
J3_a0p05_p0p90_e0p60_0p40,3,0.05,0.9,0.6,0.4,0.3,P1,alternative,100000,21184409,nan,0.97639,0.99502
J3_a0p05_p0p90_e0p60_0p40,3,0.05,0.9,0.6,0.4,0.3,P2,alternative,100000,21185418,nan,0.96731,0.99519
J3_a0p10_p0p80_e0p30_0p10,3,0.1,0.8,0.3,0.1,0.0,H0_s0_k0,null,100000,21066563,0.05606,nan,nan
J3_a0p10_p0p80_e0p30_0p10,3,0.1,0.8,0.3,0.1,0.0,H0_s0_k1,null,100000,21067572,0.00838,nan,nan
J3_a0p10_p0p80_e0p30_0p10,3,0.1,0.8,0.3,0.1,0.0,H0_s0_k2,null,100000,21068581,0.00102,nan,nan
J3_a0p10_p0p80_e0p30_0p10,3,0.1,0.8,0.3,0.1,0.0,H0_s0_k3,null,100000,21069590,8e-05,nan,nan
J3_a0p10_p0p80_e0p30_0p10,3,0.1,0.8,0.3,0.1,0.0,H0_s1_k1,null,100000,21070599,0.08959,nan,nan
J3_a0p10_p0p80_e0p30_0p10,3,0.1,0.8,0.3,0.1,0.0,H0_s1_k2,null,100000,21071608,0.01014,nan,nan
J3_a0p10_p0p80_e0p30_0p10,3,0.1,0.8,0.3,0.1,0.0,H0_s1_k3,null,100000,21072617,0.0008,nan,nan
J3_a0p10_p0p80_e0p30_0p10,3,0.1,0.8,0.3,0.1,0.0,H0_s2_k2,null,100000,21073626,0.08595,nan,nan
J3_a0p10_p0p80_e0p30_0p10,3,0.1,0.8,0.3,0.1,0.0,H0_s2_k3,null,100000,21074635,0.00549,nan,nan
J3_a0p10_p0p80_e0p30_0p10,3,0.1,0.8,0.3,0.1,0.0,H0_s3_k3,null,100000,21075644,0.03986,nan,nan
J3_a0p10_p0p80_e0p30_0p10,3,0.1,0.8,0.3,0.1,0.0,W1,alternative,100000,21076653,nan,0.84311,0.89632
J3_a0p10_p0p80_e0p30_0p10,3,0.1,0.8,0.3,0.1,0.0,W2,alternative,100000,21077662,nan,0.80332,0.88804
J3_a0p10_p0p80_e0p30_0p10,3,0.1,0.8,0.3,0.1,0.0,W3,alternative,100000,21078671,nan,0.84566,0.88511
J3_a0p10_p0p80_e0p30_0p10,3,0.1,0.8,0.3,0.1,0.0,P1,alternative,100000,21079680,nan,0.92704,0.97804
J3_a0p10_p0p80_e0p30_0p10,3,0.1,0.8,0.3,0.1,0.0,P2,alternative,100000,21080689,nan,0.93472,0.9749
J3_a0p10_p0p80_e0p30_0p10,3,0.1,0.8,0.3,0.1,0.3,H0_s0_k0,null,100000,21171292,0.05366,nan,nan
J3_a0p10_p0p80_e0p30_0p10,3,0.1,0.8,0.3,0.1,0.3,H0_s0_k1,null,100000,21172301,0.00553,nan,nan
J3_a0p10_p0p80_e0p30_0p10,3,0.1,0.8,0.3,0.1,0.3,H0_s0_k2,null,100000,21173310,0.00059,nan,nan
J3_a0p10_p0p80_e0p30_0p10,3,0.1,0.8,0.3,0.1,0.3,H0_s0_k3,null,100000,21174319,0.0,nan,nan
J3_a0p10_p0p80_e0p30_0p10,3,0.1,0.8,0.3,0.1,0.3,H0_s1_k1,null,100000,21175328,0.08057,nan,nan
J3_a0p10_p0p80_e0p30_0p10,3,0.1,0.8,0.3,0.1,0.3,H0_s1_k2,null,100000,21176337,0.0079,nan,nan
J3_a0p10_p0p80_e0p30_0p10,3,0.1,0.8,0.3,0.1,0.3,H0_s1_k3,null,100000,21177346,0.00031,nan,nan
J3_a0p10_p0p80_e0p30_0p10,3,0.1,0.8,0.3,0.1,0.3,H0_s2_k2,null,100000,21178355,0.07713,nan,nan
J3_a0p10_p0p80_e0p30_0p10,3,0.1,0.8,0.3,0.1,0.3,H0_s2_k3,null,100000,21179364,0.00302,nan,nan
J3_a0p10_p0p80_e0p30_0p10,3,0.1,0.8,0.3,0.1,0.3,H0_s3_k3,null,100000,21180373,0.03317,nan,nan
J3_a0p10_p0p80_e0p30_0p10,3,0.1,0.8,0.3,0.1,0.3,W1,alternative,100000,21181382,nan,0.8407,0.89348
J3_a0p10_p0p80_e0p30_0p10,3,0.1,0.8,0.3,0.1,0.3,W2,alternative,100000,21182391,nan,0.80069,0.8854
J3_a0p10_p0p80_e0p30_0p10,3,0.1,0.8,0.3,0.1,0.3,W3,alternative,100000,21183400,nan,0.84453,0.88167
J3_a0p10_p0p80_e0p30_0p10,3,0.1,0.8,0.3,0.1,0.3,P1,alternative,100000,21184409,nan,0.92648,0.97794
J3_a0p10_p0p80_e0p30_0p10,3,0.1,0.8,0.3,0.1,0.3,P2,alternative,100000,21185418,nan,0.93556,0.97377
J3_a0p10_p0p80_e0p60_0p40,3,0.1,0.8,0.6,0.4,0.0,H0_s0_k0,null,100000,21066563,0.05044,nan,nan
J3_a0p10_p0p80_e0p60_0p40,3,0.1,0.8,0.6,0.4,0.0,H0_s0_k1,null,100000,21067572,0.00809,nan,nan
J3_a0p10_p0p80_e0p60_0p40,3,0.1,0.8,0.6,0.4,0.0,H0_s0_k2,null,100000,21068581,0.00125,nan,nan
J3_a0p10_p0p80_e0p60_0p40,3,0.1,0.8,0.6,0.4,0.0,H0_s0_k3,null,100000,21069590,0.00015,nan,nan
J3_a0p10_p0p80_e0p60_0p40,3,0.1,0.8,0.6,0.4,0.0,H0_s1_k1,null,100000,21070599,0.10154,nan,nan
J3_a0p10_p0p80_e0p60_0p40,3,0.1,0.8,0.6,0.4,0.0,H0_s1_k2,null,100000,21071608,0.01363,nan,nan
J3_a0p10_p0p80_e0p60_0p40,3,0.1,0.8,0.6,0.4,0.0,H0_s1_k3,null,100000,21072617,0.00211,nan,nan
J3_a0p10_p0p80_e0p60_0p40,3,0.1,0.8,0.6,0.4,0.0,H0_s2_k2,null,100000,21073626,0.10188,nan,nan
J3_a0p10_p0p80_e0p60_0p40,3,0.1,0.8,0.6,0.4,0.0,H0_s2_k3,null,100000,21074635,0.0105,nan,nan
J3_a0p10_p0p80_e0p60_0p40,3,0.1,0.8,0.6,0.4,0.0,H0_s3_k3,null,100000,21075644,0.06182,nan,nan
J3_a0p10_p0p80_e0p60_0p40,3,0.1,0.8,0.6,0.4,0.0,W1,alternative,100000,21076653,nan,0.85036,0.89885
J3_a0p10_p0p80_e0p60_0p40,3,0.1,0.8,0.6,0.4,0.0,W2,alternative,100000,21077662,nan,0.80108,0.89975
J3_a0p10_p0p80_e0p60_0p40,3,0.1,0.8,0.6,0.4,0.0,W3,alternative,100000,21078671,nan,0.8444,0.90376
J3_a0p10_p0p80_e0p60_0p40,3,0.1,0.8,0.6,0.4,0.0,P1,alternative,100000,21079680,nan,0.93295,0.9808
J3_a0p10_p0p80_e0p60_0p40,3,0.1,0.8,0.6,0.4,0.0,P2,alternative,100000,21080689,nan,0.92583,0.98325
J3_a0p10_p0p80_e0p60_0p40,3,0.1,0.8,0.6,0.4,0.3,H0_s0_k0,null,100000,21171292,0.04493,nan,nan
J3_a0p10_p0p80_e0p60_0p40,3,0.1,0.8,0.6,0.4,0.3,H0_s0_k1,null,100000,21172301,0.00472,nan,nan
J3_a0p10_p0p80_e0p60_0p40,3,0.1,0.8,0.6,0.4,0.3,H0_s0_k2,null,100000,21173310,0.00067,nan,nan
J3_a0p10_p0p80_e0p60_0p40,3,0.1,0.8,0.6,0.4,0.3,H0_s0_k3,null,100000,21174319,0.0,nan,nan
J3_a0p10_p0p80_e0p60_0p40,3,0.1,0.8,0.6,0.4,0.3,H0_s1_k1,null,100000,21175328,0.09072,nan,nan
J3_a0p10_p0p80_e0p60_0p40,3,0.1,0.8,0.6,0.4,0.3,H0_s1_k2,null,100000,21176337,0.01105,nan,nan
J3_a0p10_p0p80_e0p60_0p40,3,0.1,0.8,0.6,0.4,0.3,H0_s1_k3,null,100000,21177346,0.00111,nan,nan
J3_a0p10_p0p80_e0p60_0p40,3,0.1,0.8,0.6,0.4,0.3,H0_s2_k2,null,100000,21178355,0.0921,nan,nan
J3_a0p10_p0p80_e0p60_0p40,3,0.1,0.8,0.6,0.4,0.3,H0_s2_k3,null,100000,21179364,0.00749,nan,nan
J3_a0p10_p0p80_e0p60_0p40,3,0.1,0.8,0.6,0.4,0.3,H0_s3_k3,null,100000,21180373,0.05565,nan,nan
J3_a0p10_p0p80_e0p60_0p40,3,0.1,0.8,0.6,0.4,0.3,W1,alternative,100000,21181382,nan,0.84956,0.89727
J3_a0p10_p0p80_e0p60_0p40,3,0.1,0.8,0.6,0.4,0.3,W2,alternative,100000,21182391,nan,0.80033,0.89817
J3_a0p10_p0p80_e0p60_0p40,3,0.1,0.8,0.6,0.4,0.3,W3,alternative,100000,21183400,nan,0.84352,0.90154
J3_a0p10_p0p80_e0p60_0p40,3,0.1,0.8,0.6,0.4,0.3,P1,alternative,100000,21184409,nan,0.93173,0.98034
J3_a0p10_p0p80_e0p60_0p40,3,0.1,0.8,0.6,0.4,0.3,P2,alternative,100000,21185418,nan,0.92609,0.98259
J3_a0p10_p0p90_e0p30_0p10,3,0.1,0.9,0.3,0.1,0.0,H0_s0_k0,null,100000,21066563,0.03357,nan,nan
J3_a0p10_p0p90_e0p30_0p10,3,0.1,0.9,0.3,0.1,0.0,H0_s0_k1,null,100000,21067572,0.00287,nan,nan
J3_a0p10_p0p90_e0p30_0p10,3,0.1,0.9,0.3,0.1,0.0,H0_s0_k2,null,100000,21068581,0.00018,nan,nan
J3_a0p10_p0p90_e0p30_0p10,3,0.1,0.9,0.3,0.1,0.0,H0_s0_k3,null,100000,21069590,0.0,nan,nan
J3_a0p10_p0p90_e0p30_0p10,3,0.1,0.9,0.3,0.1,0.0,H0_s1_k1,null,100000,21070599,0.04627,nan,nan
J3_a0p10_p0p90_e0p30_0p10,3,0.1,0.9,0.3,0.1,0.0,H0_s1_k2,null,100000,21071608,0.00276,nan,nan
J3_a0p10_p0p90_e0p30_0p10,3,0.1,0.9,0.3,0.1,0.0,H0_s1_k3,null,100000,21072617,0.00012,nan,nan
J3_a0p10_p0p90_e0p30_0p10,3,0.1,0.9,0.3,0.1,0.0,H0_s2_k2,null,100000,21073626,0.04388,nan,nan
J3_a0p10_p0p90_e0p30_0p10,3,0.1,0.9,0.3,0.1,0.0,H0_s2_k3,null,100000,21074635,0.00095,nan,nan
J3_a0p10_p0p90_e0p30_0p10,3,0.1,0.9,0.3,0.1,0.0,H0_s3_k3,null,100000,21075644,0.01404,nan,nan
J3_a0p10_p0p90_e0p30_0p10,3,0.1,0.9,0.3,0.1,0.0,W1,alternative,100000,21076653,nan,0.9138,0.94641
J3_a0p10_p0p90_e0p30_0p10,3,0.1,0.9,0.3,0.1,0.0,W2,alternative,100000,21077662,nan,0.89964,0.94473
J3_a0p10_p0p90_e0p30_0p10,3,0.1,0.9,0.3,0.1,0.0,W3,alternative,100000,21078671,nan,0.92972,0.94358
J3_a0p10_p0p90_e0p30_0p10,3,0.1,0.9,0.3,0.1,0.0,P1,alternative,100000,21079680,nan,0.96279,0.99388
J3_a0p10_p0p90_e0p30_0p10,3,0.1,0.9,0.3,0.1,0.0,P2,alternative,100000,21080689,nan,0.97927,0.99344
J3_a0p10_p0p90_e0p30_0p10,3,0.1,0.9,0.3,0.1,0.3,H0_s0_k0,null,100000,21171292,0.03246,nan,nan
J3_a0p10_p0p90_e0p30_0p10,3,0.1,0.9,0.3,0.1,0.3,H0_s0_k1,null,100000,21172301,0.00182,nan,nan
J3_a0p10_p0p90_e0p30_0p10,3,0.1,0.9,0.3,0.1,0.3,H0_s0_k2,null,100000,21173310,0.00013,nan,nan
J3_a0p10_p0p90_e0p30_0p10,3,0.1,0.9,0.3,0.1,0.3,H0_s0_k3,null,100000,21174319,0.0,nan,nan
J3_a0p10_p0p90_e0p30_0p10,3,0.1,0.9,0.3,0.1,0.3,H0_s1_k1,null,100000,21175328,0.04278,nan,nan
J3_a0p10_p0p90_e0p30_0p10,3,0.1,0.9,0.3,0.1,0.3,H0_s1_k2,null,100000,21176337,0.00243,nan,nan
J3_a0p10_p0p90_e0p30_0p10,3,0.1,0.9,0.3,0.1,0.3,H0_s1_k3,null,100000,21177346,4e-05,nan,nan
J3_a0p10_p0p90_e0p30_0p10,3,0.1,0.9,0.3,0.1,0.3,H0_s2_k2,null,100000,21178355,0.04107,nan,nan
J3_a0p10_p0p90_e0p30_0p10,3,0.1,0.9,0.3,0.1,0.3,H0_s2_k3,null,100000,21179364,0.00047,nan,nan
J3_a0p10_p0p90_e0p30_0p10,3,0.1,0.9,0.3,0.1,0.3,H0_s3_k3,null,100000,21180373,0.01196,nan,nan
J3_a0p10_p0p90_e0p30_0p10,3,0.1,0.9,0.3,0.1,0.3,W1,alternative,100000,21181382,nan,0.91342,0.9454
J3_a0p10_p0p90_e0p30_0p10,3,0.1,0.9,0.3,0.1,0.3,W2,alternative,100000,21182391,nan,0.89833,0.94328
J3_a0p10_p0p90_e0p30_0p10,3,0.1,0.9,0.3,0.1,0.3,W3,alternative,100000,21183400,nan,0.92812,0.942
J3_a0p10_p0p90_e0p30_0p10,3,0.1,0.9,0.3,0.1,0.3,P1,alternative,100000,21184409,nan,0.96306,0.99406
J3_a0p10_p0p90_e0p30_0p10,3,0.1,0.9,0.3,0.1,0.3,P2,alternative,100000,21185418,nan,0.97922,0.99332
J3_a0p10_p0p90_e0p60_0p40,3,0.1,0.9,0.6,0.4,0.0,H0_s0_k0,null,100000,21066563,0.02389,nan,nan
J3_a0p10_p0p90_e0p60_0p40,3,0.1,0.9,0.6,0.4,0.0,H0_s0_k1,null,100000,21067572,0.00213,nan,nan
J3_a0p10_p0p90_e0p60_0p40,3,0.1,0.9,0.6,0.4,0.0,H0_s0_k2,null,100000,21068581,0.00014,nan,nan
J3_a0p10_p0p90_e0p60_0p40,3,0.1,0.9,0.6,0.4,0.0,H0_s0_k3,null,100000,21069590,4e-05,nan,nan
J3_a0p10_p0p90_e0p60_0p40,3,0.1,0.9,0.6,0.4,0.0,H0_s1_k1,null,100000,21070599,0.06009,nan,nan
J3_a0p10_p0p90_e0p60_0p40,3,0.1,0.9,0.6,0.4,0.0,H0_s1_k2,null,100000,21071608,0.00533,nan,nan
J3_a0p10_p0p90_e0p60_0p40,3,0.1,0.9,0.6,0.4,0.0,H0_s1_k3,null,100000,21072617,0.00065,nan,nan
J3_a0p10_p0p90_e0p60_0p40,3,0.1,0.9,0.6,0.4,0.0,H0_s2_k2,null,100000,21073626,0.05993,nan,nan
J3_a0p10_p0p90_e0p60_0p40,3,0.1,0.9,0.6,0.4,0.0,H0_s2_k3,null,100000,21074635,0.00415,nan,nan
J3_a0p10_p0p90_e0p60_0p40,3,0.1,0.9,0.6,0.4,0.0,H0_s3_k3,null,100000,21075644,0.03828,nan,nan
J3_a0p10_p0p90_e0p60_0p40,3,0.1,0.9,0.6,0.4,0.0,W1,alternative,100000,21076653,nan,0.93617,0.95917
J3_a0p10_p0p90_e0p60_0p40,3,0.1,0.9,0.6,0.4,0.0,W2,alternative,100000,21077662,nan,0.9011,0.95953
J3_a0p10_p0p90_e0p60_0p40,3,0.1,0.9,0.6,0.4,0.0,W3,alternative,100000,21078671,nan,0.92308,0.96164
J3_a0p10_p0p90_e0p60_0p40,3,0.1,0.9,0.6,0.4,0.0,P1,alternative,100000,21079680,nan,0.97416,0.99674
J3_a0p10_p0p90_e0p60_0p40,3,0.1,0.9,0.6,0.4,0.0,P2,alternative,100000,21080689,nan,0.95847,0.99683
J3_a0p10_p0p90_e0p60_0p40,3,0.1,0.9,0.6,0.4,0.3,H0_s0_k0,null,100000,21171292,0.0219,nan,nan
J3_a0p10_p0p90_e0p60_0p40,3,0.1,0.9,0.6,0.4,0.3,H0_s0_k1,null,100000,21172301,0.00112,nan,nan
J3_a0p10_p0p90_e0p60_0p40,3,0.1,0.9,0.6,0.4,0.3,H0_s0_k2,null,100000,21173310,8e-05,nan,nan
J3_a0p10_p0p90_e0p60_0p40,3,0.1,0.9,0.6,0.4,0.3,H0_s0_k3,null,100000,21174319,0.0,nan,nan
J3_a0p10_p0p90_e0p60_0p40,3,0.1,0.9,0.6,0.4,0.3,H0_s1_k1,null,100000,21175328,0.05471,nan,nan
J3_a0p10_p0p90_e0p60_0p40,3,0.1,0.9,0.6,0.4,0.3,H0_s1_k2,null,100000,21176337,0.00425,nan,nan
J3_a0p10_p0p90_e0p60_0p40,3,0.1,0.9,0.6,0.4,0.3,H0_s1_k3,null,100000,21177346,0.00032,nan,nan
J3_a0p10_p0p90_e0p60_0p40,3,0.1,0.9,0.6,0.4,0.3,H0_s2_k2,null,100000,21178355,0.05614,nan,nan
J3_a0p10_p0p90_e0p60_0p40,3,0.1,0.9,0.6,0.4,0.3,H0_s2_k3,null,100000,21179364,0.00336,nan,nan
J3_a0p10_p0p90_e0p60_0p40,3,0.1,0.9,0.6,0.4,0.3,H0_s3_k3,null,100000,21180373,0.03696,nan,nan
J3_a0p10_p0p90_e0p60_0p40,3,0.1,0.9,0.6,0.4,0.3,W1,alternative,100000,21181382,nan,0.93828,0.96103
J3_a0p10_p0p90_e0p60_0p40,3,0.1,0.9,0.6,0.4,0.3,W2,alternative,100000,21182391,nan,0.90165,0.95934
J3_a0p10_p0p90_e0p60_0p40,3,0.1,0.9,0.6,0.4,0.3,W3,alternative,100000,21183400,nan,0.92091,0.95975
J3_a0p10_p0p90_e0p60_0p40,3,0.1,0.9,0.6,0.4,0.3,P1,alternative,100000,21184409,nan,0.9737,0.99668
J3_a0p10_p0p90_e0p60_0p40,3,0.1,0.9,0.6,0.4,0.3,P2,alternative,100000,21185418,nan,0.96015,0.99702
J4_a0p05_p0p80_e0p30_0p10,4,0.05,0.8,0.3,0.1,0.0,H0_s0_k0,null,100000,21066563,0.03463,nan,nan
J4_a0p05_p0p80_e0p30_0p10,4,0.05,0.8,0.3,0.1,0.0,H0_s0_k1,null,100000,21067572,0.00293,nan,nan
J4_a0p05_p0p80_e0p30_0p10,4,0.05,0.8,0.3,0.1,0.0,H0_s0_k2,null,100000,21068581,0.00022,nan,nan
J4_a0p05_p0p80_e0p30_0p10,4,0.05,0.8,0.3,0.1,0.0,H0_s0_k3,null,100000,21069590,1e-05,nan,nan
J4_a0p05_p0p80_e0p30_0p10,4,0.05,0.8,0.3,0.1,0.0,H0_s0_k4,null,100000,21070599,0.0,nan,nan
J4_a0p05_p0p80_e0p30_0p10,4,0.05,0.8,0.3,0.1,0.0,H0_s1_k1,null,100000,21071608,0.04347,nan,nan
J4_a0p05_p0p80_e0p30_0p10,4,0.05,0.8,0.3,0.1,0.0,H0_s1_k2,null,100000,21072617,0.0032,nan,nan
J4_a0p05_p0p80_e0p30_0p10,4,0.05,0.8,0.3,0.1,0.0,H0_s1_k3,null,100000,21073626,0.00017,nan,nan
J4_a0p05_p0p80_e0p30_0p10,4,0.05,0.8,0.3,0.1,0.0,H0_s1_k4,null,100000,21074635,1e-05,nan,nan
J4_a0p05_p0p80_e0p30_0p10,4,0.05,0.8,0.3,0.1,0.0,H0_s2_k2,null,100000,21075644,0.04197,nan,nan
J4_a0p05_p0p80_e0p30_0p10,4,0.05,0.8,0.3,0.1,0.0,H0_s2_k3,null,100000,21076653,0.00252,nan,nan
J4_a0p05_p0p80_e0p30_0p10,4,0.05,0.8,0.3,0.1,0.0,H0_s2_k4,null,100000,21077662,4e-05,nan,nan
J4_a0p05_p0p80_e0p30_0p10,4,0.05,0.8,0.3,0.1,0.0,H0_s3_k3,null,100000,21078671,0.04157,nan,nan
J4_a0p05_p0p80_e0p30_0p10,4,0.05,0.8,0.3,0.1,0.0,H0_s3_k4,null,100000,21079680,0.00074,nan,nan
J4_a0p05_p0p80_e0p30_0p10,4,0.05,0.8,0.3,0.1,0.0,H0_s4_k4,null,100000,21080689,0.01235,nan,nan
J4_a0p05_p0p80_e0p30_0p10,4,0.05,0.8,0.3,0.1,0.0,W1,alternative,100000,21081698,nan,0.82536,0.85775
J4_a0p05_p0p80_e0p30_0p10,4,0.05,0.8,0.3,0.1,0.0,W2,alternative,100000,21082707,nan,0.80771,0.8485
J4_a0p05_p0p80_e0p30_0p10,4,0.05,0.8,0.3,0.1,0.0,W3,alternative,100000,21083716,nan,0.80509,0.84527
J4_a0p05_p0p80_e0p30_0p10,4,0.05,0.8,0.3,0.1,0.0,W4,alternative,100000,21084725,nan,0.83879,0.8498
J4_a0p05_p0p80_e0p30_0p10,4,0.05,0.8,0.3,0.1,0.0,P1,alternative,100000,21085734,nan,0.93188,0.96502
J4_a0p05_p0p80_e0p30_0p10,4,0.05,0.8,0.3,0.1,0.0,P2,alternative,100000,21086743,nan,0.9162,0.96054
J4_a0p05_p0p80_e0p30_0p10,4,0.05,0.8,0.3,0.1,0.0,P3,alternative,100000,21087752,nan,0.94863,0.96038
J4_a0p05_p0p80_e0p30_0p10,4,0.05,0.8,0.3,0.1,0.3,H0_s0_k0,null,100000,21171292,0.03081,nan,nan
J4_a0p05_p0p80_e0p30_0p10,4,0.05,0.8,0.3,0.1,0.3,H0_s0_k1,null,100000,21172301,0.00194,nan,nan
J4_a0p05_p0p80_e0p30_0p10,4,0.05,0.8,0.3,0.1,0.3,H0_s0_k2,null,100000,21173310,0.00013,nan,nan
J4_a0p05_p0p80_e0p30_0p10,4,0.05,0.8,0.3,0.1,0.3,H0_s0_k3,null,100000,21174319,0.0,nan,nan
J4_a0p05_p0p80_e0p30_0p10,4,0.05,0.8,0.3,0.1,0.3,H0_s0_k4,null,100000,21175328,0.0,nan,nan
J4_a0p05_p0p80_e0p30_0p10,4,0.05,0.8,0.3,0.1,0.3,H0_s1_k1,null,100000,21176337,0.03739,nan,nan
J4_a0p05_p0p80_e0p30_0p10,4,0.05,0.8,0.3,0.1,0.3,H0_s1_k2,null,100000,21177346,0.0024,nan,nan
J4_a0p05_p0p80_e0p30_0p10,4,0.05,0.8,0.3,0.1,0.3,H0_s1_k3,null,100000,21178355,0.00021,nan,nan
J4_a0p05_p0p80_e0p30_0p10,4,0.05,0.8,0.3,0.1,0.3,H0_s1_k4,null,100000,21179364,0.0,nan,nan
J4_a0p05_p0p80_e0p30_0p10,4,0.05,0.8,0.3,0.1,0.3,H0_s2_k2,null,100000,21180373,0.03691,nan,nan
J4_a0p05_p0p80_e0p30_0p10,4,0.05,0.8,0.3,0.1,0.3,H0_s2_k3,null,100000,21181382,0.00192,nan,nan
J4_a0p05_p0p80_e0p30_0p10,4,0.05,0.8,0.3,0.1,0.3,H0_s2_k4,null,100000,21182391,0.0,nan,nan
J4_a0p05_p0p80_e0p30_0p10,4,0.05,0.8,0.3,0.1,0.3,H0_s3_k3,null,100000,21183400,0.03508,nan,nan
J4_a0p05_p0p80_e0p30_0p10,4,0.05,0.8,0.3,0.1,0.3,H0_s3_k4,null,100000,21184409,0.00025,nan,nan
J4_a0p05_p0p80_e0p30_0p10,4,0.05,0.8,0.3,0.1,0.3,H0_s4_k4,null,100000,21185418,0.00921,nan,nan
J4_a0p05_p0p80_e0p30_0p10,4,0.05,0.8,0.3,0.1,0.3,W1,alternative,100000,21186427,nan,0.82408,0.85569
J4_a0p05_p0p80_e0p30_0p10,4,0.05,0.8,0.3,0.1,0.3,W2,alternative,100000,21187436,nan,0.80454,0.84419
J4_a0p05_p0p80_e0p30_0p10,4,0.05,0.8,0.3,0.1,0.3,W3,alternative,100000,21188445,nan,0.79808,0.83865
J4_a0p05_p0p80_e0p30_0p10,4,0.05,0.8,0.3,0.1,0.3,W4,alternative,100000,21189454,nan,0.83735,0.84747
J4_a0p05_p0p80_e0p30_0p10,4,0.05,0.8,0.3,0.1,0.3,P1,alternative,100000,21190463,nan,0.93016,0.96314
J4_a0p05_p0p80_e0p30_0p10,4,0.05,0.8,0.3,0.1,0.3,P2,alternative,100000,21191472,nan,0.91782,0.96075
J4_a0p05_p0p80_e0p30_0p10,4,0.05,0.8,0.3,0.1,0.3,P3,alternative,100000,21192481,nan,0.94755,0.95946
J4_a0p05_p0p80_e0p60_0p40,4,0.05,0.8,0.6,0.4,0.0,H0_s0_k0,null,100000,21066563,0.02529,nan,nan
J4_a0p05_p0p80_e0p60_0p40,4,0.05,0.8,0.6,0.4,0.0,H0_s0_k1,null,100000,21067572,0.00224,nan,nan
J4_a0p05_p0p80_e0p60_0p40,4,0.05,0.8,0.6,0.4,0.0,H0_s0_k2,null,100000,21068581,0.00013,nan,nan
J4_a0p05_p0p80_e0p60_0p40,4,0.05,0.8,0.6,0.4,0.0,H0_s0_k3,null,100000,21069590,4e-05,nan,nan
J4_a0p05_p0p80_e0p60_0p40,4,0.05,0.8,0.6,0.4,0.0,H0_s0_k4,null,100000,21070599,0.0,nan,nan
J4_a0p05_p0p80_e0p60_0p40,4,0.05,0.8,0.6,0.4,0.0,H0_s1_k1,null,100000,21071608,0.04992,nan,nan
J4_a0p05_p0p80_e0p60_0p40,4,0.05,0.8,0.6,0.4,0.0,H0_s1_k2,null,100000,21072617,0.00401,nan,nan
J4_a0p05_p0p80_e0p60_0p40,4,0.05,0.8,0.6,0.4,0.0,H0_s1_k3,null,100000,21073626,0.00027,nan,nan
J4_a0p05_p0p80_e0p60_0p40,4,0.05,0.8,0.6,0.4,0.0,H0_s1_k4,null,100000,21074635,3e-05,nan,nan
J4_a0p05_p0p80_e0p60_0p40,4,0.05,0.8,0.6,0.4,0.0,H0_s2_k2,null,100000,21075644,0.05051,nan,nan
J4_a0p05_p0p80_e0p60_0p40,4,0.05,0.8,0.6,0.4,0.0,H0_s2_k3,null,100000,21076653,0.00362,nan,nan
J4_a0p05_p0p80_e0p60_0p40,4,0.05,0.8,0.6,0.4,0.0,H0_s2_k4,null,100000,21077662,0.00022,nan,nan
J4_a0p05_p0p80_e0p60_0p40,4,0.05,0.8,0.6,0.4,0.0,H0_s3_k3,null,100000,21078671,0.05033,nan,nan
J4_a0p05_p0p80_e0p60_0p40,4,0.05,0.8,0.6,0.4,0.0,H0_s3_k4,null,100000,21079680,0.00253,nan,nan
J4_a0p05_p0p80_e0p60_0p40,4,0.05,0.8,0.6,0.4,0.0,H0_s4_k4,null,100000,21080689,0.02994,nan,nan
J4_a0p05_p0p80_e0p60_0p40,4,0.05,0.8,0.6,0.4,0.0,W1,alternative,100000,21081698,nan,0.8313,0.85567
J4_a0p05_p0p80_e0p60_0p40,4,0.05,0.8,0.6,0.4,0.0,W2,alternative,100000,21082707,nan,0.80725,0.85552
J4_a0p05_p0p80_e0p60_0p40,4,0.05,0.8,0.6,0.4,0.0,W3,alternative,100000,21083716,nan,0.8058,0.85559
J4_a0p05_p0p80_e0p60_0p40,4,0.05,0.8,0.6,0.4,0.0,W4,alternative,100000,21084725,nan,0.83911,0.86694
J4_a0p05_p0p80_e0p60_0p40,4,0.05,0.8,0.6,0.4,0.0,P1,alternative,100000,21085734,nan,0.93892,0.965
J4_a0p05_p0p80_e0p60_0p40,4,0.05,0.8,0.6,0.4,0.0,P2,alternative,100000,21086743,nan,0.91239,0.96515
J4_a0p05_p0p80_e0p60_0p40,4,0.05,0.8,0.6,0.4,0.0,P3,alternative,100000,21087752,nan,0.94058,0.96848
J4_a0p05_p0p80_e0p60_0p40,4,0.05,0.8,0.6,0.4,0.3,H0_s0_k0,null,100000,21171292,0.02138,nan,nan
J4_a0p05_p0p80_e0p60_0p40,4,0.05,0.8,0.6,0.4,0.3,H0_s0_k1,null,100000,21172301,0.00121,nan,nan
J4_a0p05_p0p80_e0p60_0p40,4,0.05,0.8,0.6,0.4,0.3,H0_s0_k2,null,100000,21173310,7e-05,nan,nan
J4_a0p05_p0p80_e0p60_0p40,4,0.05,0.8,0.6,0.4,0.3,H0_s0_k3,null,100000,21174319,0.0,nan,nan
J4_a0p05_p0p80_e0p60_0p40,4,0.05,0.8,0.6,0.4,0.3,H0_s0_k4,null,100000,21175328,0.0,nan,nan
J4_a0p05_p0p80_e0p60_0p40,4,0.05,0.8,0.6,0.4,0.3,H0_s1_k1,null,100000,21176337,0.04319,nan,nan
J4_a0p05_p0p80_e0p60_0p40,4,0.05,0.8,0.6,0.4,0.3,H0_s1_k2,null,100000,21177346,0.00277,nan,nan
J4_a0p05_p0p80_e0p60_0p40,4,0.05,0.8,0.6,0.4,0.3,H0_s1_k3,null,100000,21178355,0.00021,nan,nan
J4_a0p05_p0p80_e0p60_0p40,4,0.05,0.8,0.6,0.4,0.3,H0_s1_k4,null,100000,21179364,1e-05,nan,nan
J4_a0p05_p0p80_e0p60_0p40,4,0.05,0.8,0.6,0.4,0.3,H0_s2_k2,null,100000,21180373,0.04343,nan,nan
J4_a0p05_p0p80_e0p60_0p40,4,0.05,0.8,0.6,0.4,0.3,H0_s2_k3,null,100000,21181382,0.00264,nan,nan
J4_a0p05_p0p80_e0p60_0p40,4,0.05,0.8,0.6,0.4,0.3,H0_s2_k4,null,100000,21182391,0.00019,nan,nan
J4_a0p05_p0p80_e0p60_0p40,4,0.05,0.8,0.6,0.4,0.3,H0_s3_k3,null,100000,21183400,0.04302,nan,nan
J4_a0p05_p0p80_e0p60_0p40,4,0.05,0.8,0.6,0.4,0.3,H0_s3_k4,null,100000,21184409,0.00171,nan,nan
J4_a0p05_p0p80_e0p60_0p40,4,0.05,0.8,0.6,0.4,0.3,H0_s4_k4,null,100000,21185418,0.02611,nan,nan
J4_a0p05_p0p80_e0p60_0p40,4,0.05,0.8,0.6,0.4,0.3,W1,alternative,100000,21186427,nan,0.8314,0.85432
J4_a0p05_p0p80_e0p60_0p40,4,0.05,0.8,0.6,0.4,0.3,W2,alternative,100000,21187436,nan,0.80353,0.85118
J4_a0p05_p0p80_e0p60_0p40,4,0.05,0.8,0.6,0.4,0.3,W3,alternative,100000,21188445,nan,0.80505,0.85357
J4_a0p05_p0p80_e0p60_0p40,4,0.05,0.8,0.6,0.4,0.3,W4,alternative,100000,21189454,nan,0.83651,0.86402
J4_a0p05_p0p80_e0p60_0p40,4,0.05,0.8,0.6,0.4,0.3,P1,alternative,100000,21190463,nan,0.93961,0.96439
J4_a0p05_p0p80_e0p60_0p40,4,0.05,0.8,0.6,0.4,0.3,P2,alternative,100000,21191472,nan,0.91178,0.96416
J4_a0p05_p0p80_e0p60_0p40,4,0.05,0.8,0.6,0.4,0.3,P3,alternative,100000,21192481,nan,0.93829,0.96699
J4_a0p05_p0p90_e0p30_0p10,4,0.05,0.9,0.3,0.1,0.0,H0_s0_k0,null,100000,21066563,0.03995,nan,nan
J4_a0p05_p0p90_e0p30_0p10,4,0.05,0.9,0.3,0.1,0.0,H0_s0_k1,null,100000,21067572,0.00381,nan,nan
J4_a0p05_p0p90_e0p30_0p10,4,0.05,0.9,0.3,0.1,0.0,H0_s0_k2,null,100000,21068581,0.00033,nan,nan
J4_a0p05_p0p90_e0p30_0p10,4,0.05,0.9,0.3,0.1,0.0,H0_s0_k3,null,100000,21069590,1e-05,nan,nan
J4_a0p05_p0p90_e0p30_0p10,4,0.05,0.9,0.3,0.1,0.0,H0_s0_k4,null,100000,21070599,0.0,nan,nan
J4_a0p05_p0p90_e0p30_0p10,4,0.05,0.9,0.3,0.1,0.0,H0_s1_k1,null,100000,21071608,0.04602,nan,nan
J4_a0p05_p0p90_e0p30_0p10,4,0.05,0.9,0.3,0.1,0.0,H0_s1_k2,null,100000,21072617,0.00371,nan,nan
J4_a0p05_p0p90_e0p30_0p10,4,0.05,0.9,0.3,0.1,0.0,H0_s1_k3,null,100000,21073626,0.00023,nan,nan
J4_a0p05_p0p90_e0p30_0p10,4,0.05,0.9,0.3,0.1,0.0,H0_s1_k4,null,100000,21074635,0.0,nan,nan
J4_a0p05_p0p90_e0p30_0p10,4,0.05,0.9,0.3,0.1,0.0,H0_s2_k2,null,100000,21075644,0.04539,nan,nan
J4_a0p05_p0p90_e0p30_0p10,4,0.05,0.9,0.3,0.1,0.0,H0_s2_k3,null,100000,21076653,0.00293,nan,nan
J4_a0p05_p0p90_e0p30_0p10,4,0.05,0.9,0.3,0.1,0.0,H0_s2_k4,null,100000,21077662,4e-05,nan,nan
J4_a0p05_p0p90_e0p30_0p10,4,0.05,0.9,0.3,0.1,0.0,H0_s3_k3,null,100000,21078671,0.04387,nan,nan
J4_a0p05_p0p90_e0p30_0p10,4,0.05,0.9,0.3,0.1,0.0,H0_s3_k4,null,100000,21079680,0.00041,nan,nan
J4_a0p05_p0p90_e0p30_0p10,4,0.05,0.9,0.3,0.1,0.0,H0_s4_k4,null,100000,21080689,0.00809,nan,nan
J4_a0p05_p0p90_e0p30_0p10,4,0.05,0.9,0.3,0.1,0.0,W1,alternative,100000,21081698,nan,0.90828,0.94752
J4_a0p05_p0p90_e0p30_0p10,4,0.05,0.9,0.3,0.1,0.0,W2,alternative,100000,21082707,nan,0.90191,0.9461
J4_a0p05_p0p90_e0p30_0p10,4,0.05,0.9,0.3,0.1,0.0,W3,alternative,100000,21083716,nan,0.90259,0.94537
J4_a0p05_p0p90_e0p30_0p10,4,0.05,0.9,0.3,0.1,0.0,W4,alternative,100000,21084725,nan,0.93928,0.94672
J4_a0p05_p0p90_e0p30_0p10,4,0.05,0.9,0.3,0.1,0.0,P1,alternative,100000,21085734,nan,0.95529,0.99462
J4_a0p05_p0p90_e0p30_0p10,4,0.05,0.9,0.3,0.1,0.0,P2,alternative,100000,21086743,nan,0.94835,0.99423
J4_a0p05_p0p90_e0p30_0p10,4,0.05,0.9,0.3,0.1,0.0,P3,alternative,100000,21087752,nan,0.98657,0.99418
J4_a0p05_p0p90_e0p30_0p10,4,0.05,0.9,0.3,0.1,0.3,H0_s0_k0,null,100000,21171292,0.03774,nan,nan
J4_a0p05_p0p90_e0p30_0p10,4,0.05,0.9,0.3,0.1,0.3,H0_s0_k1,null,100000,21172301,0.00279,nan,nan
J4_a0p05_p0p90_e0p30_0p10,4,0.05,0.9,0.3,0.1,0.3,H0_s0_k2,null,100000,21173310,0.00022,nan,nan
J4_a0p05_p0p90_e0p30_0p10,4,0.05,0.9,0.3,0.1,0.3,H0_s0_k3,null,100000,21174319,2e-05,nan,nan
J4_a0p05_p0p90_e0p30_0p10,4,0.05,0.9,0.3,0.1,0.3,H0_s0_k4,null,100000,21175328,0.0,nan,nan
J4_a0p05_p0p90_e0p30_0p10,4,0.05,0.9,0.3,0.1,0.3,H0_s1_k1,null,100000,21176337,0.04285,nan,nan
J4_a0p05_p0p90_e0p30_0p10,4,0.05,0.9,0.3,0.1,0.3,H0_s1_k2,null,100000,21177346,0.00302,nan,nan
J4_a0p05_p0p90_e0p30_0p10,4,0.05,0.9,0.3,0.1,0.3,H0_s1_k3,null,100000,21178355,0.00034,nan,nan
J4_a0p05_p0p90_e0p30_0p10,4,0.05,0.9,0.3,0.1,0.3,H0_s1_k4,null,100000,21179364,0.0,nan,nan
J4_a0p05_p0p90_e0p30_0p10,4,0.05,0.9,0.3,0.1,0.3,H0_s2_k2,null,100000,21180373,0.04335,nan,nan
J4_a0p05_p0p90_e0p30_0p10,4,0.05,0.9,0.3,0.1,0.3,H0_s2_k3,null,100000,21181382,0.0029,nan,nan
J4_a0p05_p0p90_e0p30_0p10,4,0.05,0.9,0.3,0.1,0.3,H0_s2_k4,null,100000,21182391,0.0,nan,nan
J4_a0p05_p0p90_e0p30_0p10,4,0.05,0.9,0.3,0.1,0.3,H0_s3_k3,null,100000,21183400,0.04082,nan,nan
J4_a0p05_p0p90_e0p30_0p10,4,0.05,0.9,0.3,0.1,0.3,H0_s3_k4,null,100000,21184409,0.00013,nan,nan
J4_a0p05_p0p90_e0p30_0p10,4,0.05,0.9,0.3,0.1,0.3,H0_s4_k4,null,100000,21185418,0.00682,nan,nan
J4_a0p05_p0p90_e0p30_0p10,4,0.05,0.9,0.3,0.1,0.3,W1,alternative,100000,21186427,nan,0.90825,0.94732
J4_a0p05_p0p90_e0p30_0p10,4,0.05,0.9,0.3,0.1,0.3,W2,alternative,100000,21187436,nan,0.90223,0.94659
J4_a0p05_p0p90_e0p30_0p10,4,0.05,0.9,0.3,0.1,0.3,W3,alternative,100000,21188445,nan,0.90008,0.94406
J4_a0p05_p0p90_e0p30_0p10,4,0.05,0.9,0.3,0.1,0.3,W4,alternative,100000,21189454,nan,0.93995,0.94726
J4_a0p05_p0p90_e0p30_0p10,4,0.05,0.9,0.3,0.1,0.3,P1,alternative,100000,21190463,nan,0.95524,0.99409
J4_a0p05_p0p90_e0p30_0p10,4,0.05,0.9,0.3,0.1,0.3,P2,alternative,100000,21191472,nan,0.94923,0.99399
J4_a0p05_p0p90_e0p30_0p10,4,0.05,0.9,0.3,0.1,0.3,P3,alternative,100000,21192481,nan,0.98649,0.99427
J4_a0p05_p0p90_e0p60_0p40,4,0.05,0.9,0.6,0.4,0.0,H0_s0_k0,null,100000,21066563,0.01946,nan,nan
J4_a0p05_p0p90_e0p60_0p40,4,0.05,0.9,0.6,0.4,0.0,H0_s0_k1,null,100000,21067572,0.00137,nan,nan
J4_a0p05_p0p90_e0p60_0p40,4,0.05,0.9,0.6,0.4,0.0,H0_s0_k2,null,100000,21068581,8e-05,nan,nan
J4_a0p05_p0p90_e0p60_0p40,4,0.05,0.9,0.6,0.4,0.0,H0_s0_k3,null,100000,21069590,2e-05,nan,nan
J4_a0p05_p0p90_e0p60_0p40,4,0.05,0.9,0.6,0.4,0.0,H0_s0_k4,null,100000,21070599,0.0,nan,nan
J4_a0p05_p0p90_e0p60_0p40,4,0.05,0.9,0.6,0.4,0.0,H0_s1_k1,null,100000,21071608,0.04798,nan,nan
J4_a0p05_p0p90_e0p60_0p40,4,0.05,0.9,0.6,0.4,0.0,H0_s1_k2,null,100000,21072617,0.00334,nan,nan
J4_a0p05_p0p90_e0p60_0p40,4,0.05,0.9,0.6,0.4,0.0,H0_s1_k3,null,100000,21073626,0.00026,nan,nan
J4_a0p05_p0p90_e0p60_0p40,4,0.05,0.9,0.6,0.4,0.0,H0_s1_k4,null,100000,21074635,0.0,nan,nan
J4_a0p05_p0p90_e0p60_0p40,4,0.05,0.9,0.6,0.4,0.0,H0_s2_k2,null,100000,21075644,0.04655,nan,nan
J4_a0p05_p0p90_e0p60_0p40,4,0.05,0.9,0.6,0.4,0.0,H0_s2_k3,null,100000,21076653,0.00324,nan,nan
J4_a0p05_p0p90_e0p60_0p40,4,0.05,0.9,0.6,0.4,0.0,H0_s2_k4,null,100000,21077662,0.00016,nan,nan
J4_a0p05_p0p90_e0p60_0p40,4,0.05,0.9,0.6,0.4,0.0,H0_s3_k3,null,100000,21078671,0.04666,nan,nan
J4_a0p05_p0p90_e0p60_0p40,4,0.05,0.9,0.6,0.4,0.0,H0_s3_k4,null,100000,21079680,0.00271,nan,nan
J4_a0p05_p0p90_e0p60_0p40,4,0.05,0.9,0.6,0.4,0.0,H0_s4_k4,null,100000,21080689,0.02939,nan,nan
J4_a0p05_p0p90_e0p60_0p40,4,0.05,0.9,0.6,0.4,0.0,W1,alternative,100000,21081698,nan,0.93224,0.95054
J4_a0p05_p0p90_e0p60_0p40,4,0.05,0.9,0.6,0.4,0.0,W2,alternative,100000,21082707,nan,0.90478,0.95122
J4_a0p05_p0p90_e0p60_0p40,4,0.05,0.9,0.6,0.4,0.0,W3,alternative,100000,21083716,nan,0.90302,0.9507
J4_a0p05_p0p90_e0p60_0p40,4,0.05,0.9,0.6,0.4,0.0,W4,alternative,100000,21084725,nan,0.92284,0.95197
J4_a0p05_p0p90_e0p60_0p40,4,0.05,0.9,0.6,0.4,0.0,P1,alternative,100000,21085734,nan,0.97534,0.99495
J4_a0p05_p0p90_e0p60_0p40,4,0.05,0.9,0.6,0.4,0.0,P2,alternative,100000,21086743,nan,0.94747,0.99513
J4_a0p05_p0p90_e0p60_0p40,4,0.05,0.9,0.6,0.4,0.0,P3,alternative,100000,21087752,nan,0.96495,0.99543
J4_a0p05_p0p90_e0p60_0p40,4,0.05,0.9,0.6,0.4,0.3,H0_s0_k0,null,100000,21171292,0.01769,nan,nan
J4_a0p05_p0p90_e0p60_0p40,4,0.05,0.9,0.6,0.4,0.3,H0_s0_k1,null,100000,21172301,0.00086,nan,nan
J4_a0p05_p0p90_e0p60_0p40,4,0.05,0.9,0.6,0.4,0.3,H0_s0_k2,null,100000,21173310,6e-05,nan,nan
J4_a0p05_p0p90_e0p60_0p40,4,0.05,0.9,0.6,0.4,0.3,H0_s0_k3,null,100000,21174319,0.0,nan,nan
J4_a0p05_p0p90_e0p60_0p40,4,0.05,0.9,0.6,0.4,0.3,H0_s0_k4,null,100000,21175328,0.0,nan,nan
J4_a0p05_p0p90_e0p60_0p40,4,0.05,0.9,0.6,0.4,0.3,H0_s1_k1,null,100000,21176337,0.04339,nan,nan
J4_a0p05_p0p90_e0p60_0p40,4,0.05,0.9,0.6,0.4,0.3,H0_s1_k2,null,100000,21177346,0.00273,nan,nan
J4_a0p05_p0p90_e0p60_0p40,4,0.05,0.9,0.6,0.4,0.3,H0_s1_k3,null,100000,21178355,0.00021,nan,nan
J4_a0p05_p0p90_e0p60_0p40,4,0.05,0.9,0.6,0.4,0.3,H0_s1_k4,null,100000,21179364,2e-05,nan,nan
J4_a0p05_p0p90_e0p60_0p40,4,0.05,0.9,0.6,0.4,0.3,H0_s2_k2,null,100000,21180373,0.04468,nan,nan
J4_a0p05_p0p90_e0p60_0p40,4,0.05,0.9,0.6,0.4,0.3,H0_s2_k3,null,100000,21181382,0.00281,nan,nan
J4_a0p05_p0p90_e0p60_0p40,4,0.05,0.9,0.6,0.4,0.3,H0_s2_k4,null,100000,21182391,0.00023,nan,nan
J4_a0p05_p0p90_e0p60_0p40,4,0.05,0.9,0.6,0.4,0.3,H0_s3_k3,null,100000,21183400,0.04419,nan,nan
J4_a0p05_p0p90_e0p60_0p40,4,0.05,0.9,0.6,0.4,0.3,H0_s3_k4,null,100000,21184409,0.00179,nan,nan
J4_a0p05_p0p90_e0p60_0p40,4,0.05,0.9,0.6,0.4,0.3,H0_s4_k4,null,100000,21185418,0.02831,nan,nan
J4_a0p05_p0p90_e0p60_0p40,4,0.05,0.9,0.6,0.4,0.3,W1,alternative,100000,21186427,nan,0.93162,0.95075
J4_a0p05_p0p90_e0p60_0p40,4,0.05,0.9,0.6,0.4,0.3,W2,alternative,100000,21187436,nan,0.90393,0.95005
J4_a0p05_p0p90_e0p60_0p40,4,0.05,0.9,0.6,0.4,0.3,W3,alternative,100000,21188445,nan,0.90222,0.94921
J4_a0p05_p0p90_e0p60_0p40,4,0.05,0.9,0.6,0.4,0.3,W4,alternative,100000,21189454,nan,0.92331,0.95259
J4_a0p05_p0p90_e0p60_0p40,4,0.05,0.9,0.6,0.4,0.3,P1,alternative,100000,21190463,nan,0.97568,0.99521
J4_a0p05_p0p90_e0p60_0p40,4,0.05,0.9,0.6,0.4,0.3,P2,alternative,100000,21191472,nan,0.94804,0.99467
J4_a0p05_p0p90_e0p60_0p40,4,0.05,0.9,0.6,0.4,0.3,P3,alternative,100000,21192481,nan,0.96519,0.99524
J4_a0p10_p0p80_e0p30_0p10,4,0.1,0.8,0.3,0.1,0.0,H0_s0_k0,null,100000,21066563,0.06757,nan,nan
J4_a0p10_p0p80_e0p30_0p10,4,0.1,0.8,0.3,0.1,0.0,H0_s0_k1,null,100000,21067572,0.01061,nan,nan
J4_a0p10_p0p80_e0p30_0p10,4,0.1,0.8,0.3,0.1,0.0,H0_s0_k2,null,100000,21068581,0.00153,nan,nan
J4_a0p10_p0p80_e0p30_0p10,4,0.1,0.8,0.3,0.1,0.0,H0_s0_k3,null,100000,21069590,0.0002,nan,nan
J4_a0p10_p0p80_e0p30_0p10,4,0.1,0.8,0.3,0.1,0.0,H0_s0_k4,null,100000,21070599,0.0,nan,nan
J4_a0p10_p0p80_e0p30_0p10,4,0.1,0.8,0.3,0.1,0.0,H0_s1_k1,null,100000,21071608,0.08369,nan,nan
J4_a0p10_p0p80_e0p30_0p10,4,0.1,0.8,0.3,0.1,0.0,H0_s1_k2,null,100000,21072617,0.01097,nan,nan
J4_a0p10_p0p80_e0p30_0p10,4,0.1,0.8,0.3,0.1,0.0,H0_s1_k3,null,100000,21073626,0.00125,nan,nan
J4_a0p10_p0p80_e0p30_0p10,4,0.1,0.8,0.3,0.1,0.0,H0_s1_k4,null,100000,21074635,5e-05,nan,nan
J4_a0p10_p0p80_e0p30_0p10,4,0.1,0.8,0.3,0.1,0.0,H0_s2_k2,null,100000,21075644,0.08272,nan,nan
J4_a0p10_p0p80_e0p30_0p10,4,0.1,0.8,0.3,0.1,0.0,H0_s2_k3,null,100000,21076653,0.00981,nan,nan
J4_a0p10_p0p80_e0p30_0p10,4,0.1,0.8,0.3,0.1,0.0,H0_s2_k4,null,100000,21077662,0.00029,nan,nan
J4_a0p10_p0p80_e0p30_0p10,4,0.1,0.8,0.3,0.1,0.0,H0_s3_k3,null,100000,21078671,0.07953,nan,nan
J4_a0p10_p0p80_e0p30_0p10,4,0.1,0.8,0.3,0.1,0.0,H0_s3_k4,null,100000,21079680,0.00245,nan,nan
J4_a0p10_p0p80_e0p30_0p10,4,0.1,0.8,0.3,0.1,0.0,H0_s4_k4,null,100000,21080689,0.02143,nan,nan
J4_a0p10_p0p80_e0p30_0p10,4,0.1,0.8,0.3,0.1,0.0,W1,alternative,100000,21081698,nan,0.83188,0.89754
J4_a0p10_p0p80_e0p30_0p10,4,0.1,0.8,0.3,0.1,0.0,W2,alternative,100000,21082707,nan,0.81299,0.89399
J4_a0p10_p0p80_e0p30_0p10,4,0.1,0.8,0.3,0.1,0.0,W3,alternative,100000,21083716,nan,0.81429,0.89279
J4_a0p10_p0p80_e0p30_0p10,4,0.1,0.8,0.3,0.1,0.0,W4,alternative,100000,21084725,nan,0.87521,0.89524
J4_a0p10_p0p80_e0p30_0p10,4,0.1,0.8,0.3,0.1,0.0,P1,alternative,100000,21085734,nan,0.91363,0.98076
J4_a0p10_p0p80_e0p30_0p10,4,0.1,0.8,0.3,0.1,0.0,P2,alternative,100000,21086743,nan,0.89526,0.9791
J4_a0p10_p0p80_e0p30_0p10,4,0.1,0.8,0.3,0.1,0.0,P3,alternative,100000,21087752,nan,0.95897,0.97952
J4_a0p10_p0p80_e0p30_0p10,4,0.1,0.8,0.3,0.1,0.3,H0_s0_k0,null,100000,21171292,0.06284,nan,nan
J4_a0p10_p0p80_e0p30_0p10,4,0.1,0.8,0.3,0.1,0.3,H0_s0_k1,null,100000,21172301,0.0082,nan,nan
J4_a0p10_p0p80_e0p30_0p10,4,0.1,0.8,0.3,0.1,0.3,H0_s0_k2,null,100000,21173310,0.00121,nan,nan
J4_a0p10_p0p80_e0p30_0p10,4,0.1,0.8,0.3,0.1,0.3,H0_s0_k3,null,100000,21174319,0.00022,nan,nan
J4_a0p10_p0p80_e0p30_0p10,4,0.1,0.8,0.3,0.1,0.3,H0_s0_k4,null,100000,21175328,0.0,nan,nan
J4_a0p10_p0p80_e0p30_0p10,4,0.1,0.8,0.3,0.1,0.3,H0_s1_k1,null,100000,21176337,0.07568,nan,nan
J4_a0p10_p0p80_e0p30_0p10,4,0.1,0.8,0.3,0.1,0.3,H0_s1_k2,null,100000,21177346,0.0088,nan,nan
J4_a0p10_p0p80_e0p30_0p10,4,0.1,0.8,0.3,0.1,0.3,H0_s1_k3,null,100000,21178355,0.00108,nan,nan
J4_a0p10_p0p80_e0p30_0p10,4,0.1,0.8,0.3,0.1,0.3,H0_s1_k4,null,100000,21179364,0.0,nan,nan
J4_a0p10_p0p80_e0p30_0p10,4,0.1,0.8,0.3,0.1,0.3,H0_s2_k2,null,100000,21180373,0.0766,nan,nan
J4_a0p10_p0p80_e0p30_0p10,4,0.1,0.8,0.3,0.1,0.3,H0_s2_k3,null,100000,21181382,0.00806,nan,nan
J4_a0p10_p0p80_e0p30_0p10,4,0.1,0.8,0.3,0.1,0.3,H0_s2_k4,null,100000,21182391,4e-05,nan,nan
J4_a0p10_p0p80_e0p30_0p10,4,0.1,0.8,0.3,0.1,0.3,H0_s3_k3,null,100000,21183400,0.07124,nan,nan
J4_a0p10_p0p80_e0p30_0p10,4,0.1,0.8,0.3,0.1,0.3,H0_s3_k4,null,100000,21184409,0.0007,nan,nan
J4_a0p10_p0p80_e0p30_0p10,4,0.1,0.8,0.3,0.1,0.3,H0_s4_k4,null,100000,21185418,0.01778,nan,nan
J4_a0p10_p0p80_e0p30_0p10,4,0.1,0.8,0.3,0.1,0.3,W1,alternative,100000,21186427,nan,0.83298,0.89739
J4_a0p10_p0p80_e0p30_0p10,4,0.1,0.8,0.3,0.1,0.3,W2,alternative,100000,21187436,nan,0.81053,0.89103
J4_a0p10_p0p80_e0p30_0p10,4,0.1,0.8,0.3,0.1,0.3,W3,alternative,100000,21188445,nan,0.80968,0.88807
J4_a0p10_p0p80_e0p30_0p10,4,0.1,0.8,0.3,0.1,0.3,W4,alternative,100000,21189454,nan,0.87555,0.89525
J4_a0p10_p0p80_e0p30_0p10,4,0.1,0.8,0.3,0.1,0.3,P1,alternative,100000,21190463,nan,0.91339,0.9802
J4_a0p10_p0p80_e0p30_0p10,4,0.1,0.8,0.3,0.1,0.3,P2,alternative,100000,21191472,nan,0.89772,0.97953
J4_a0p10_p0p80_e0p30_0p10,4,0.1,0.8,0.3,0.1,0.3,P3,alternative,100000,21192481,nan,0.95812,0.97934
J4_a0p10_p0p80_e0p60_0p40,4,0.1,0.8,0.6,0.4,0.0,H0_s0_k0,null,100000,21066563,0.03324,nan,nan
J4_a0p10_p0p80_e0p60_0p40,4,0.1,0.8,0.6,0.4,0.0,H0_s0_k1,null,100000,21067572,0.00407,nan,nan
J4_a0p10_p0p80_e0p60_0p40,4,0.1,0.8,0.6,0.4,0.0,H0_s0_k2,null,100000,21068581,0.00052,nan,nan
J4_a0p10_p0p80_e0p60_0p40,4,0.1,0.8,0.6,0.4,0.0,H0_s0_k3,null,100000,21069590,9e-05,nan,nan
J4_a0p10_p0p80_e0p60_0p40,4,0.1,0.8,0.6,0.4,0.0,H0_s0_k4,null,100000,21070599,0.0,nan,nan
J4_a0p10_p0p80_e0p60_0p40,4,0.1,0.8,0.6,0.4,0.0,H0_s1_k1,null,100000,21071608,0.08199,nan,nan
J4_a0p10_p0p80_e0p60_0p40,4,0.1,0.8,0.6,0.4,0.0,H0_s1_k2,null,100000,21072617,0.00995,nan,nan
J4_a0p10_p0p80_e0p60_0p40,4,0.1,0.8,0.6,0.4,0.0,H0_s1_k3,null,100000,21073626,0.00131,nan,nan
J4_a0p10_p0p80_e0p60_0p40,4,0.1,0.8,0.6,0.4,0.0,H0_s1_k4,null,100000,21074635,0.00028,nan,nan
J4_a0p10_p0p80_e0p60_0p40,4,0.1,0.8,0.6,0.4,0.0,H0_s2_k2,null,100000,21075644,0.08353,nan,nan
J4_a0p10_p0p80_e0p60_0p40,4,0.1,0.8,0.6,0.4,0.0,H0_s2_k3,null,100000,21076653,0.00978,nan,nan
J4_a0p10_p0p80_e0p60_0p40,4,0.1,0.8,0.6,0.4,0.0,H0_s2_k4,null,100000,21077662,0.00117,nan,nan
J4_a0p10_p0p80_e0p60_0p40,4,0.1,0.8,0.6,0.4,0.0,H0_s3_k3,null,100000,21078671,0.08299,nan,nan
J4_a0p10_p0p80_e0p60_0p40,4,0.1,0.8,0.6,0.4,0.0,H0_s3_k4,null,100000,21079680,0.00858,nan,nan
J4_a0p10_p0p80_e0p60_0p40,4,0.1,0.8,0.6,0.4,0.0,H0_s4_k4,null,100000,21080689,0.05872,nan,nan
J4_a0p10_p0p80_e0p60_0p40,4,0.1,0.8,0.6,0.4,0.0,W1,alternative,100000,21081698,nan,0.85665,0.88838
J4_a0p10_p0p80_e0p60_0p40,4,0.1,0.8,0.6,0.4,0.0,W2,alternative,100000,21082707,nan,0.80647,0.88652
J4_a0p10_p0p80_e0p60_0p40,4,0.1,0.8,0.6,0.4,0.0,W3,alternative,100000,21083716,nan,0.80208,0.88463
J4_a0p10_p0p80_e0p60_0p40,4,0.1,0.8,0.6,0.4,0.0,W4,alternative,100000,21084725,nan,0.83655,0.89119
J4_a0p10_p0p80_e0p60_0p40,4,0.1,0.8,0.6,0.4,0.0,P1,alternative,100000,21085734,nan,0.94417,0.97761
J4_a0p10_p0p80_e0p60_0p40,4,0.1,0.8,0.6,0.4,0.0,P2,alternative,100000,21086743,nan,0.89313,0.97782
J4_a0p10_p0p80_e0p60_0p40,4,0.1,0.8,0.6,0.4,0.0,P3,alternative,100000,21087752,nan,0.92306,0.97873
J4_a0p10_p0p80_e0p60_0p40,4,0.1,0.8,0.6,0.4,0.3,H0_s0_k0,null,100000,21171292,0.02948,nan,nan
J4_a0p10_p0p80_e0p60_0p40,4,0.1,0.8,0.6,0.4,0.3,H0_s0_k1,null,100000,21172301,0.00207,nan,nan
J4_a0p10_p0p80_e0p60_0p40,4,0.1,0.8,0.6,0.4,0.3,H0_s0_k2,null,100000,21173310,0.00017,nan,nan
J4_a0p10_p0p80_e0p60_0p40,4,0.1,0.8,0.6,0.4,0.3,H0_s0_k3,null,100000,21174319,0.0,nan,nan
J4_a0p10_p0p80_e0p60_0p40,4,0.1,0.8,0.6,0.4,0.3,H0_s0_k4,null,100000,21175328,0.0,nan,nan
J4_a0p10_p0p80_e0p60_0p40,4,0.1,0.8,0.6,0.4,0.3,H0_s1_k1,null,100000,21176337,0.07296,nan,nan
J4_a0p10_p0p80_e0p60_0p40,4,0.1,0.8,0.6,0.4,0.3,H0_s1_k2,null,100000,21177346,0.00743,nan,nan
J4_a0p10_p0p80_e0p60_0p40,4,0.1,0.8,0.6,0.4,0.3,H0_s1_k3,null,100000,21178355,0.00095,nan,nan
J4_a0p10_p0p80_e0p60_0p40,4,0.1,0.8,0.6,0.4,0.3,H0_s1_k4,null,100000,21179364,7e-05,nan,nan
J4_a0p10_p0p80_e0p60_0p40,4,0.1,0.8,0.6,0.4,0.3,H0_s2_k2,null,100000,21180373,0.07568,nan,nan
J4_a0p10_p0p80_e0p60_0p40,4,0.1,0.8,0.6,0.4,0.3,H0_s2_k3,null,100000,21181382,0.00815,nan,nan
J4_a0p10_p0p80_e0p60_0p40,4,0.1,0.8,0.6,0.4,0.3,H0_s2_k4,null,100000,21182391,0.00094,nan,nan
J4_a0p10_p0p80_e0p60_0p40,4,0.1,0.8,0.6,0.4,0.3,H0_s3_k3,null,100000,21183400,0.07486,nan,nan
J4_a0p10_p0p80_e0p60_0p40,4,0.1,0.8,0.6,0.4,0.3,H0_s3_k4,null,100000,21184409,0.00631,nan,nan
J4_a0p10_p0p80_e0p60_0p40,4,0.1,0.8,0.6,0.4,0.3,H0_s4_k4,null,100000,21185418,0.0525,nan,nan
J4_a0p10_p0p80_e0p60_0p40,4,0.1,0.8,0.6,0.4,0.3,W1,alternative,100000,21186427,nan,0.85627,0.88669
J4_a0p10_p0p80_e0p60_0p40,4,0.1,0.8,0.6,0.4,0.3,W2,alternative,100000,21187436,nan,0.80427,0.88378
J4_a0p10_p0p80_e0p60_0p40,4,0.1,0.8,0.6,0.4,0.3,W3,alternative,100000,21188445,nan,0.80161,0.88341
J4_a0p10_p0p80_e0p60_0p40,4,0.1,0.8,0.6,0.4,0.3,W4,alternative,100000,21189454,nan,0.83629,0.89085
J4_a0p10_p0p80_e0p60_0p40,4,0.1,0.8,0.6,0.4,0.3,P1,alternative,100000,21190463,nan,0.94494,0.97758
J4_a0p10_p0p80_e0p60_0p40,4,0.1,0.8,0.6,0.4,0.3,P2,alternative,100000,21191472,nan,0.89236,0.97633
J4_a0p10_p0p80_e0p60_0p40,4,0.1,0.8,0.6,0.4,0.3,P3,alternative,100000,21192481,nan,0.92037,0.97788
J4_a0p10_p0p90_e0p30_0p10,4,0.1,0.9,0.3,0.1,0.0,H0_s0_k0,null,100000,21066563,0.04055,nan,nan
J4_a0p10_p0p90_e0p30_0p10,4,0.1,0.9,0.3,0.1,0.0,H0_s0_k1,null,100000,21067572,0.00429,nan,nan
J4_a0p10_p0p90_e0p30_0p10,4,0.1,0.9,0.3,0.1,0.0,H0_s0_k2,null,100000,21068581,0.00034,nan,nan
J4_a0p10_p0p90_e0p30_0p10,4,0.1,0.9,0.3,0.1,0.0,H0_s0_k3,null,100000,21069590,2e-05,nan,nan
J4_a0p10_p0p90_e0p30_0p10,4,0.1,0.9,0.3,0.1,0.0,H0_s0_k4,null,100000,21070599,0.0,nan,nan
J4_a0p10_p0p90_e0p30_0p10,4,0.1,0.9,0.3,0.1,0.0,H0_s1_k1,null,100000,21071608,0.05635,nan,nan
J4_a0p10_p0p90_e0p30_0p10,4,0.1,0.9,0.3,0.1,0.0,H0_s1_k2,null,100000,21072617,0.00487,nan,nan
J4_a0p10_p0p90_e0p30_0p10,4,0.1,0.9,0.3,0.1,0.0,H0_s1_k3,null,100000,21073626,0.00029,nan,nan
J4_a0p10_p0p90_e0p30_0p10,4,0.1,0.9,0.3,0.1,0.0,H0_s1_k4,null,100000,21074635,1e-05,nan,nan
J4_a0p10_p0p90_e0p30_0p10,4,0.1,0.9,0.3,0.1,0.0,H0_s2_k2,null,100000,21075644,0.05589,nan,nan
J4_a0p10_p0p90_e0p30_0p10,4,0.1,0.9,0.3,0.1,0.0,H0_s2_k3,null,100000,21076653,0.00399,nan,nan
J4_a0p10_p0p90_e0p30_0p10,4,0.1,0.9,0.3,0.1,0.0,H0_s2_k4,null,100000,21077662,0.00011,nan,nan
J4_a0p10_p0p90_e0p30_0p10,4,0.1,0.9,0.3,0.1,0.0,H0_s3_k3,null,100000,21078671,0.05487,nan,nan
J4_a0p10_p0p90_e0p30_0p10,4,0.1,0.9,0.3,0.1,0.0,H0_s3_k4,null,100000,21079680,0.00147,nan,nan
J4_a0p10_p0p90_e0p30_0p10,4,0.1,0.9,0.3,0.1,0.0,H0_s4_k4,null,100000,21080689,0.01896,nan,nan
J4_a0p10_p0p90_e0p30_0p10,4,0.1,0.9,0.3,0.1,0.0,W1,alternative,100000,21081698,nan,0.92178,0.96156
J4_a0p10_p0p90_e0p30_0p10,4,0.1,0.9,0.3,0.1,0.0,W2,alternative,100000,21082707,nan,0.90571,0.9604
J4_a0p10_p0p90_e0p30_0p10,4,0.1,0.9,0.3,0.1,0.0,W3,alternative,100000,21083716,nan,0.90527,0.9588
J4_a0p10_p0p90_e0p30_0p10,4,0.1,0.9,0.3,0.1,0.0,W4,alternative,100000,21084725,nan,0.94117,0.95935
J4_a0p10_p0p90_e0p30_0p10,4,0.1,0.9,0.3,0.1,0.0,P1,alternative,100000,21085734,nan,0.95728,0.99666
J4_a0p10_p0p90_e0p30_0p10,4,0.1,0.9,0.3,0.1,0.0,P2,alternative,100000,21086743,nan,0.94012,0.99622
J4_a0p10_p0p90_e0p30_0p10,4,0.1,0.9,0.3,0.1,0.0,P3,alternative,100000,21087752,nan,0.97826,0.99614
J4_a0p10_p0p90_e0p30_0p10,4,0.1,0.9,0.3,0.1,0.3,H0_s0_k0,null,100000,21171292,0.03934,nan,nan
J4_a0p10_p0p90_e0p30_0p10,4,0.1,0.9,0.3,0.1,0.3,H0_s0_k1,null,100000,21172301,0.00287,nan,nan
J4_a0p10_p0p90_e0p30_0p10,4,0.1,0.9,0.3,0.1,0.3,H0_s0_k2,null,100000,21173310,0.00023,nan,nan
J4_a0p10_p0p90_e0p30_0p10,4,0.1,0.9,0.3,0.1,0.3,H0_s0_k3,null,100000,21174319,2e-05,nan,nan
J4_a0p10_p0p90_e0p30_0p10,4,0.1,0.9,0.3,0.1,0.3,H0_s0_k4,null,100000,21175328,0.0,nan,nan
J4_a0p10_p0p90_e0p30_0p10,4,0.1,0.9,0.3,0.1,0.3,H0_s1_k1,null,100000,21176337,0.05331,nan,nan
J4_a0p10_p0p90_e0p30_0p10,4,0.1,0.9,0.3,0.1,0.3,H0_s1_k2,null,100000,21177346,0.00369,nan,nan
J4_a0p10_p0p90_e0p30_0p10,4,0.1,0.9,0.3,0.1,0.3,H0_s1_k3,null,100000,21178355,0.00036,nan,nan
J4_a0p10_p0p90_e0p30_0p10,4,0.1,0.9,0.3,0.1,0.3,H0_s1_k4,null,100000,21179364,1e-05,nan,nan
J4_a0p10_p0p90_e0p30_0p10,4,0.1,0.9,0.3,0.1,0.3,H0_s2_k2,null,100000,21180373,0.05419,nan,nan
J4_a0p10_p0p90_e0p30_0p10,4,0.1,0.9,0.3,0.1,0.3,H0_s2_k3,null,100000,21181382,0.00378,nan,nan
J4_a0p10_p0p90_e0p30_0p10,4,0.1,0.9,0.3,0.1,0.3,H0_s2_k4,null,100000,21182391,2e-05,nan,nan
J4_a0p10_p0p90_e0p30_0p10,4,0.1,0.9,0.3,0.1,0.3,H0_s3_k3,null,100000,21183400,0.0515,nan,nan
J4_a0p10_p0p90_e0p30_0p10,4,0.1,0.9,0.3,0.1,0.3,H0_s3_k4,null,100000,21184409,0.00055,nan,nan
J4_a0p10_p0p90_e0p30_0p10,4,0.1,0.9,0.3,0.1,0.3,H0_s4_k4,null,100000,21185418,0.0169,nan,nan
J4_a0p10_p0p90_e0p30_0p10,4,0.1,0.9,0.3,0.1,0.3,W1,alternative,100000,21186427,nan,0.92159,0.96124
J4_a0p10_p0p90_e0p30_0p10,4,0.1,0.9,0.3,0.1,0.3,W2,alternative,100000,21187436,nan,0.90536,0.96048
J4_a0p10_p0p90_e0p30_0p10,4,0.1,0.9,0.3,0.1,0.3,W3,alternative,100000,21188445,nan,0.90404,0.95902
J4_a0p10_p0p90_e0p30_0p10,4,0.1,0.9,0.3,0.1,0.3,W4,alternative,100000,21189454,nan,0.9416,0.95981
J4_a0p10_p0p90_e0p30_0p10,4,0.1,0.9,0.3,0.1,0.3,P1,alternative,100000,21190463,nan,0.95758,0.99656
J4_a0p10_p0p90_e0p30_0p10,4,0.1,0.9,0.3,0.1,0.3,P2,alternative,100000,21191472,nan,0.94114,0.99606
J4_a0p10_p0p90_e0p30_0p10,4,0.1,0.9,0.3,0.1,0.3,P3,alternative,100000,21192481,nan,0.97716,0.99611
J4_a0p10_p0p90_e0p60_0p40,4,0.1,0.9,0.6,0.4,0.0,H0_s0_k0,null,100000,21066563,0.01946,nan,nan
J4_a0p10_p0p90_e0p60_0p40,4,0.1,0.9,0.6,0.4,0.0,H0_s0_k1,null,100000,21067572,0.00137,nan,nan
J4_a0p10_p0p90_e0p60_0p40,4,0.1,0.9,0.6,0.4,0.0,H0_s0_k2,null,100000,21068581,8e-05,nan,nan
J4_a0p10_p0p90_e0p60_0p40,4,0.1,0.9,0.6,0.4,0.0,H0_s0_k3,null,100000,21069590,2e-05,nan,nan
J4_a0p10_p0p90_e0p60_0p40,4,0.1,0.9,0.6,0.4,0.0,H0_s0_k4,null,100000,21070599,0.0,nan,nan
J4_a0p10_p0p90_e0p60_0p40,4,0.1,0.9,0.6,0.4,0.0,H0_s1_k1,null,100000,21071608,0.04798,nan,nan
J4_a0p10_p0p90_e0p60_0p40,4,0.1,0.9,0.6,0.4,0.0,H0_s1_k2,null,100000,21072617,0.00334,nan,nan
J4_a0p10_p0p90_e0p60_0p40,4,0.1,0.9,0.6,0.4,0.0,H0_s1_k3,null,100000,21073626,0.00026,nan,nan
J4_a0p10_p0p90_e0p60_0p40,4,0.1,0.9,0.6,0.4,0.0,H0_s1_k4,null,100000,21074635,0.0,nan,nan
J4_a0p10_p0p90_e0p60_0p40,4,0.1,0.9,0.6,0.4,0.0,H0_s2_k2,null,100000,21075644,0.04655,nan,nan
J4_a0p10_p0p90_e0p60_0p40,4,0.1,0.9,0.6,0.4,0.0,H0_s2_k3,null,100000,21076653,0.00324,nan,nan
J4_a0p10_p0p90_e0p60_0p40,4,0.1,0.9,0.6,0.4,0.0,H0_s2_k4,null,100000,21077662,0.00016,nan,nan
J4_a0p10_p0p90_e0p60_0p40,4,0.1,0.9,0.6,0.4,0.0,H0_s3_k3,null,100000,21078671,0.04666,nan,nan
J4_a0p10_p0p90_e0p60_0p40,4,0.1,0.9,0.6,0.4,0.0,H0_s3_k4,null,100000,21079680,0.00271,nan,nan
J4_a0p10_p0p90_e0p60_0p40,4,0.1,0.9,0.6,0.4,0.0,H0_s4_k4,null,100000,21080689,0.02939,nan,nan
J4_a0p10_p0p90_e0p60_0p40,4,0.1,0.9,0.6,0.4,0.0,W1,alternative,100000,21081698,nan,0.93224,0.95054
J4_a0p10_p0p90_e0p60_0p40,4,0.1,0.9,0.6,0.4,0.0,W2,alternative,100000,21082707,nan,0.90478,0.95122
J4_a0p10_p0p90_e0p60_0p40,4,0.1,0.9,0.6,0.4,0.0,W3,alternative,100000,21083716,nan,0.90302,0.9507
J4_a0p10_p0p90_e0p60_0p40,4,0.1,0.9,0.6,0.4,0.0,W4,alternative,100000,21084725,nan,0.92284,0.95197
J4_a0p10_p0p90_e0p60_0p40,4,0.1,0.9,0.6,0.4,0.0,P1,alternative,100000,21085734,nan,0.97534,0.99495
J4_a0p10_p0p90_e0p60_0p40,4,0.1,0.9,0.6,0.4,0.0,P2,alternative,100000,21086743,nan,0.94747,0.99513
J4_a0p10_p0p90_e0p60_0p40,4,0.1,0.9,0.6,0.4,0.0,P3,alternative,100000,21087752,nan,0.96495,0.99543
J4_a0p10_p0p90_e0p60_0p40,4,0.1,0.9,0.6,0.4,0.3,H0_s0_k0,null,100000,21171292,0.01769,nan,nan
J4_a0p10_p0p90_e0p60_0p40,4,0.1,0.9,0.6,0.4,0.3,H0_s0_k1,null,100000,21172301,0.00086,nan,nan
J4_a0p10_p0p90_e0p60_0p40,4,0.1,0.9,0.6,0.4,0.3,H0_s0_k2,null,100000,21173310,6e-05,nan,nan
J4_a0p10_p0p90_e0p60_0p40,4,0.1,0.9,0.6,0.4,0.3,H0_s0_k3,null,100000,21174319,0.0,nan,nan
J4_a0p10_p0p90_e0p60_0p40,4,0.1,0.9,0.6,0.4,0.3,H0_s0_k4,null,100000,21175328,0.0,nan,nan
J4_a0p10_p0p90_e0p60_0p40,4,0.1,0.9,0.6,0.4,0.3,H0_s1_k1,null,100000,21176337,0.04339,nan,nan
J4_a0p10_p0p90_e0p60_0p40,4,0.1,0.9,0.6,0.4,0.3,H0_s1_k2,null,100000,21177346,0.00273,nan,nan
J4_a0p10_p0p90_e0p60_0p40,4,0.1,0.9,0.6,0.4,0.3,H0_s1_k3,null,100000,21178355,0.00021,nan,nan
J4_a0p10_p0p90_e0p60_0p40,4,0.1,0.9,0.6,0.4,0.3,H0_s1_k4,null,100000,21179364,2e-05,nan,nan
J4_a0p10_p0p90_e0p60_0p40,4,0.1,0.9,0.6,0.4,0.3,H0_s2_k2,null,100000,21180373,0.04468,nan,nan
J4_a0p10_p0p90_e0p60_0p40,4,0.1,0.9,0.6,0.4,0.3,H0_s2_k3,null,100000,21181382,0.00281,nan,nan
J4_a0p10_p0p90_e0p60_0p40,4,0.1,0.9,0.6,0.4,0.3,H0_s2_k4,null,100000,21182391,0.00023,nan,nan
J4_a0p10_p0p90_e0p60_0p40,4,0.1,0.9,0.6,0.4,0.3,H0_s3_k3,null,100000,21183400,0.04419,nan,nan
J4_a0p10_p0p90_e0p60_0p40,4,0.1,0.9,0.6,0.4,0.3,H0_s3_k4,null,100000,21184409,0.00179,nan,nan
J4_a0p10_p0p90_e0p60_0p40,4,0.1,0.9,0.6,0.4,0.3,H0_s4_k4,null,100000,21185418,0.02831,nan,nan
J4_a0p10_p0p90_e0p60_0p40,4,0.1,0.9,0.6,0.4,0.3,W1,alternative,100000,21186427,nan,0.93162,0.95075
J4_a0p10_p0p90_e0p60_0p40,4,0.1,0.9,0.6,0.4,0.3,W2,alternative,100000,21187436,nan,0.90393,0.95005
J4_a0p10_p0p90_e0p60_0p40,4,0.1,0.9,0.6,0.4,0.3,W3,alternative,100000,21188445,nan,0.90222,0.94921
J4_a0p10_p0p90_e0p60_0p40,4,0.1,0.9,0.6,0.4,0.3,W4,alternative,100000,21189454,nan,0.92331,0.95259
J4_a0p10_p0p90_e0p60_0p40,4,0.1,0.9,0.6,0.4,0.3,P1,alternative,100000,21190463,nan,0.97568,0.99521
J4_a0p10_p0p90_e0p60_0p40,4,0.1,0.9,0.6,0.4,0.3,P2,alternative,100000,21191472,nan,0.94804,0.99467
J4_a0p10_p0p90_e0p60_0p40,4,0.1,0.9,0.6,0.4,0.3,P3,alternative,100000,21192481,nan,0.96519,0.99524
