J,alpha,target,phi_E1,phi_E0,rho,simulations,seed,scenario,kind,parameters,metric,value,average_sample_size,engine_version
2,0.05,0.8,0.3,0.1,0,10000,20365554,H0_s0_k0,null,0.4;0.3;0.4;0.3,Type I error,0.034,49,1.0.0
2,0.05,0.8,0.3,0.1,0,10000,20365554,H0_s0_k1,null,0.4;0.1;0.4;0.3,Type I error,0.0026,49,1.0.0
2,0.05,0.8,0.3,0.1,0,10000,20365554,H0_s0_k2,null,0.4;0.1;0.4;0.1,Type I error,0.0001,49,1.0.0
2,0.05,0.8,0.3,0.1,0,10000,20365554,H0_s1_k1,null,0.2;0.1;0.4;0.3,Type I error,0.0449,49,1.0.0
2,0.05,0.8,0.3,0.1,0,10000,20365554,H0_s1_k2,null,0.2;0.1;0.4;0.1,Type I error,0.0017,49,1.0.0
2,0.05,0.8,0.3,0.1,0,10000,20365554,H0_s2_k2,null,0.2;0.1;0.2;0.1,Type I error,0.018,49,1.0.0
2,0.05,0.8,0.3,0.1,0,10000,20365554,W1,alternative,0.2;0.3;0.4;0.3,Power,0.8153,49,1.0.0
2,0.05,0.8,0.3,0.1,0,10000,20365554,W2,alternative,0.2;0.1;0.2;0.3,Power,0.8199,49,1.0.0
2,0.05,0.8,0.3,0.1,0,10000,20365554,P1,alternative,0.2;0.3;0.2;0.3,Power,0.9592,49,1.0.0
2,0.05,0.8,0.3,0.1,0.3,10000,20470283,H0_s0_k0,null,0.4;0.3;0.4;0.3,Type I error,0.0331,49,1.0.0
2,0.05,0.8,0.3,0.1,0.3,10000,20470283,H0_s0_k1,null,0.4;0.1;0.4;0.3,Type I error,0.0021,49,1.0.0
2,0.05,0.8,0.3,0.1,0.3,10000,20470283,H0_s0_k2,null,0.4;0.1;0.4;0.1,Type I error,0,49,1.0.0
2,0.05,0.8,0.3,0.1,0.3,10000,20470283,H0_s1_k1,null,0.2;0.1;0.4;0.3,Type I error,0.0463,49,1.0.0
2,0.05,0.8,0.3,0.1,0.3,10000,20470283,H0_s1_k2,null,0.2;0.1;0.4;0.1,Type I error,0.0008,49,1.0.0
2,0.05,0.8,0.3,0.1,0.3,10000,20470283,H0_s2_k2,null,0.2;0.1;0.2;0.1,Type I error,0.0208,49,1.0.0
2,0.05,0.8,0.3,0.1,0.3,10000,20470283,W1,alternative,0.2;0.3;0.4;0.3,Power,0.8243,49,1.0.0
2,0.05,0.8,0.3,0.1,0.3,10000,20470283,W2,alternative,0.2;0.1;0.2;0.3,Power,0.8163,49,1.0.0
2,0.05,0.8,0.3,0.1,0.3,10000,20470283,P1,alternative,0.2;0.3;0.2;0.3,Power,0.9625,49,1.0.0
2,0.05,0.8,0.6,0.4,0,10000,20365554,H0_s0_k0,null,0.4;0.6;0.4;0.6,Type I error,0.0188,63,1.0.0
2,0.05,0.8,0.6,0.4,0,10000,20365554,H0_s0_k1,null,0.4;0.4;0.4;0.6,Type I error,0.0011,63,1.0.0
2,0.05,0.8,0.6,0.4,0,10000,20365554,H0_s0_k2,null,0.4;0.4;0.4;0.4,Type I error,0.0001,63,1.0.0
2,0.05,0.8,0.6,0.4,0,10000,20365554,H0_s1_k1,null,0.2;0.4;0.4;0.6,Type I error,0.0458,63,1.0.0
2,0.05,0.8,0.6,0.4,0,10000,20365554,H0_s1_k2,null,0.2;0.4;0.4;0.4,Type I error,0.0019,63,1.0.0
2,0.05,0.8,0.6,0.4,0,10000,20365554,H0_s2_k2,null,0.2;0.4;0.2;0.4,Type I error,0.0282,63,1.0.0
2,0.05,0.8,0.6,0.4,0,10000,20365554,W1,alternative,0.2;0.6;0.4;0.6,Power,0.8219,63,1.0.0
2,0.05,0.8,0.6,0.4,0,10000,20365554,W2,alternative,0.2;0.4;0.2;0.6,Power,0.8198,63,1.0.0
2,0.05,0.8,0.6,0.4,0,10000,20365554,P1,alternative,0.2;0.6;0.2;0.6,Power,0.958,63,1.0.0
2,0.05,0.8,0.6,0.4,0.3,10000,20470283,H0_s0_k0,null,0.4;0.6;0.4;0.6,Type I error,0.0188,63,1.0.0
2,0.05,0.8,0.6,0.4,0.3,10000,20470283,H0_s0_k1,null,0.4;0.4;0.4;0.6,Type I error,0.001,63,1.0.0
2,0.05,0.8,0.6,0.4,0.3,10000,20470283,H0_s0_k2,null,0.4;0.4;0.4;0.4,Type I error,0,63,1.0.0
2,0.05,0.8,0.6,0.4,0.3,10000,20470283,H0_s1_k1,null,0.2;0.4;0.4;0.6,Type I error,0.0446,63,1.0.0
2,0.05,0.8,0.6,0.4,0.3,10000,20470283,H0_s1_k2,null,0.2;0.4;0.4;0.4,Type I error,0.0016,63,1.0.0
2,0.05,0.8,0.6,0.4,0.3,10000,20470283,H0_s2_k2,null,0.2;0.4;0.2;0.4,Type I error,0.0255,63,1.0.0
2,0.05,0.8,0.6,0.4,0.3,10000,20470283,W1,alternative,0.2;0.6;0.4;0.6,Power,0.8168,63,1.0.0
2,0.05,0.8,0.6,0.4,0.3,10000,20470283,W2,alternative,0.2;0.4;0.2;0.6,Power,0.809,63,1.0.0
2,0.05,0.8,0.6,0.4,0.3,10000,20470283,P1,alternative,0.2;0.6;0.2;0.6,Power,0.9586,63,1.0.0
2,0.05,0.9,0.3,0.1,0,10000,20365554,H0_s0_k0,null,0.4;0.3;0.4;0.3,Type I error,0.0274,65,1.0.0
2,0.05,0.9,0.3,0.1,0,10000,20365554,H0_s0_k1,null,0.4;0.1;0.4;0.3,Type I error,0.0022,65,1.0.0
2,0.05,0.9,0.3,0.1,0,10000,20365554,H0_s0_k2,null,0.4;0.1;0.4;0.1,Type I error,0.0002,65,1.0.0
2,0.05,0.9,0.3,0.1,0,10000,20365554,H0_s1_k1,null,0.2;0.1;0.4;0.3,Type I error,0.0482,65,1.0.0
2,0.05,0.9,0.3,0.1,0,10000,20365554,H0_s1_k2,null,0.2;0.1;0.4;0.1,Type I error,0.0018,65,1.0.0
2,0.05,0.9,0.3,0.1,0,10000,20365554,H0_s2_k2,null,0.2;0.1;0.2;0.1,Type I error,0.028,65,1.0.0
2,0.05,0.9,0.3,0.1,0,10000,20365554,W1,alternative,0.2;0.3;0.4;0.3,Power,0.9157,65,1.0.0
2,0.05,0.9,0.3,0.1,0,10000,20365554,W2,alternative,0.2;0.1;0.2;0.3,Power,0.9043,65,1.0.0
2,0.05,0.9,0.3,0.1,0,10000,20365554,P1,alternative,0.2;0.3;0.2;0.3,Power,0.9897,65,1.0.0
2,0.05,0.9,0.3,0.1,0.3,10000,20470283,H0_s0_k0,null,0.4;0.3;0.4;0.3,Type I error,0.0242,65,1.0.0
2,0.05,0.9,0.3,0.1,0.3,10000,20470283,H0_s0_k1,null,0.4;0.1;0.4;0.3,Type I error,0.0018,65,1.0.0
2,0.05,0.9,0.3,0.1,0.3,10000,20470283,H0_s0_k2,null,0.4;0.1;0.4;0.1,Type I error,0,65,1.0.0
2,0.05,0.9,0.3,0.1,0.3,10000,20470283,H0_s1_k1,null,0.2;0.1;0.4;0.3,Type I error,0.0518,65,1.0.0
2,0.05,0.9,0.3,0.1,0.3,10000,20470283,H0_s1_k2,null,0.2;0.1;0.4;0.1,Type I error,0.0021,65,1.0.0
2,0.05,0.9,0.3,0.1,0.3,10000,20470283,H0_s2_k2,null,0.2;0.1;0.2;0.1,Type I error,0.0249,65,1.0.0
2,0.05,0.9,0.3,0.1,0.3,10000,20470283,W1,alternative,0.2;0.3;0.4;0.3,Power,0.9129,65,1.0.0
2,0.05,0.9,0.3,0.1,0.3,10000,20470283,W2,alternative,0.2;0.1;0.2;0.3,Power,0.9054,65,1.0.0
2,0.05,0.9,0.3,0.1,0.3,10000,20470283,P1,alternative,0.2;0.3;0.2;0.3,Power,0.9909,65,1.0.0
2,0.05,0.9,0.6,0.4,0,10000,20365554,H0_s0_k0,null,0.4;0.6;0.4;0.6,Type I error,0.0159,82,1.0.0
2,0.05,0.9,0.6,0.4,0,10000,20365554,H0_s0_k1,null,0.4;0.4;0.4;0.6,Type I error,0.0008,82,1.0.0
2,0.05,0.9,0.6,0.4,0,10000,20365554,H0_s0_k2,null,0.4;0.4;0.4;0.4,Type I error,0,82,1.0.0
2,0.05,0.9,0.6,0.4,0,10000,20365554,H0_s1_k1,null,0.2;0.4;0.4;0.6,Type I error,0.0383,82,1.0.0
2,0.05,0.9,0.6,0.4,0,10000,20365554,H0_s1_k2,null,0.2;0.4;0.4;0.4,Type I error,0.0019,82,1.0.0
2,0.05,0.9,0.6,0.4,0,10000,20365554,H0_s2_k2,null,0.2;0.4;0.2;0.4,Type I error,0.028,82,1.0.0
2,0.05,0.9,0.6,0.4,0,10000,20365554,W1,alternative,0.2;0.6;0.4;0.6,Power,0.9136,82,1.0.0
2,0.05,0.9,0.6,0.4,0,10000,20365554,W2,alternative,0.2;0.4;0.2;0.6,Power,0.908,82,1.0.0
2,0.05,0.9,0.6,0.4,0,10000,20365554,P1,alternative,0.2;0.6;0.2;0.6,Power,0.9905,82,1.0.0
2,0.05,0.9,0.6,0.4,0.3,10000,20470283,H0_s0_k0,null,0.4;0.6;0.4;0.6,Type I error,0.0145,82,1.0.0
2,0.05,0.9,0.6,0.4,0.3,10000,20470283,H0_s0_k1,null,0.4;0.4;0.4;0.6,Type I error,0.0006,82,1.0.0
2,0.05,0.9,0.6,0.4,0.3,10000,20470283,H0_s0_k2,null,0.4;0.4;0.4;0.4,Type I error,0.0001,82,1.0.0
2,0.05,0.9,0.6,0.4,0.3,10000,20470283,H0_s1_k1,null,0.2;0.4;0.4;0.6,Type I error,0.0391,82,1.0.0
2,0.05,0.9,0.6,0.4,0.3,10000,20470283,H0_s1_k2,null,0.2;0.4;0.4;0.4,Type I error,0.0018,82,1.0.0
2,0.05,0.9,0.6,0.4,0.3,10000,20470283,H0_s2_k2,null,0.2;0.4;0.2;0.4,Type I error,0.0243,82,1.0.0
2,0.05,0.9,0.6,0.4,0.3,10000,20470283,W1,alternative,0.2;0.6;0.4;0.6,Power,0.9091,82,1.0.0
2,0.05,0.9,0.6,0.4,0.3,10000,20470283,W2,alternative,0.2;0.4;0.2;0.6,Power,0.9015,82,1.0.0
2,0.05,0.9,0.6,0.4,0.3,10000,20470283,P1,alternative,0.2;0.6;0.2;0.6,Power,0.9905,82,1.0.0
2,0.1,0.8,0.3,0.1,0,10000,20365554,H0_s0_k0,null,0.4;0.3;0.4;0.3,Type I error,0.0437,45,1.0.0
2,0.1,0.8,0.3,0.1,0,10000,20365554,H0_s0_k1,null,0.4;0.1;0.4;0.3,Type I error,0.0048,45,1.0.0
2,0.1,0.8,0.3,0.1,0,10000,20365554,H0_s0_k2,null,0.4;0.1;0.4;0.1,Type I error,0.0002,45,1.0.0
2,0.1,0.8,0.3,0.1,0,10000,20365554,H0_s1_k1,null,0.2;0.1;0.4;0.3,Type I error,0.0634,45,1.0.0
2,0.1,0.8,0.3,0.1,0,10000,20365554,H0_s1_k2,null,0.2;0.1;0.4;0.1,Type I error,0.0036,45,1.0.0
2,0.1,0.8,0.3,0.1,0,10000,20365554,H0_s2_k2,null,0.2;0.1;0.2;0.1,Type I error,0.0298,45,1.0.0
2,0.1,0.8,0.3,0.1,0,10000,20365554,W1,alternative,0.2;0.3;0.4;0.3,Power,0.8086,45,1.0.0
2,0.1,0.8,0.3,0.1,0,10000,20365554,W2,alternative,0.2;0.1;0.2;0.3,Power,0.812,45,1.0.0
2,0.1,0.8,0.3,0.1,0,10000,20365554,P1,alternative,0.2;0.3;0.2;0.3,Power,0.958,45,1.0.0
2,0.1,0.8,0.3,0.1,0.3,10000,20470283,H0_s0_k0,null,0.4;0.3;0.4;0.3,Type I error,0.0406,45,1.0.0
2,0.1,0.8,0.3,0.1,0.3,10000,20470283,H0_s0_k1,null,0.4;0.1;0.4;0.3,Type I error,0.0042,45,1.0.0
2,0.1,0.8,0.3,0.1,0.3,10000,20470283,H0_s0_k2,null,0.4;0.1;0.4;0.1,Type I error,0.0001,45,1.0.0
2,0.1,0.8,0.3,0.1,0.3,10000,20470283,H0_s1_k1,null,0.2;0.1;0.4;0.3,Type I error,0.0608,45,1.0.0
2,0.1,0.8,0.3,0.1,0.3,10000,20470283,H0_s1_k2,null,0.2;0.1;0.4;0.1,Type I error,0.0021,45,1.0.0
2,0.1,0.8,0.3,0.1,0.3,10000,20470283,H0_s2_k2,null,0.2;0.1;0.2;0.1,Type I error,0.027,45,1.0.0
2,0.1,0.8,0.3,0.1,0.3,10000,20470283,W1,alternative,0.2;0.3;0.4;0.3,Power,0.8148,45,1.0.0
2,0.1,0.8,0.3,0.1,0.3,10000,20470283,W2,alternative,0.2;0.1;0.2;0.3,Power,0.8087,45,1.0.0
2,0.1,0.8,0.3,0.1,0.3,10000,20470283,P1,alternative,0.2;0.3;0.2;0.3,Power,0.9598,45,1.0.0
2,0.1,0.8,0.6,0.4,0,10000,20365554,H0_s0_k0,null,0.4;0.6;0.4;0.6,Type I error,0.0387,54,1.0.0
2,0.1,0.8,0.6,0.4,0,10000,20365554,H0_s0_k1,null,0.4;0.4;0.4;0.6,Type I error,0.0046,54,1.0.0
2,0.1,0.8,0.6,0.4,0,10000,20365554,H0_s0_k2,null,0.4;0.4;0.4;0.4,Type I error,0.0004,54,1.0.0
2,0.1,0.8,0.6,0.4,0,10000,20365554,H0_s1_k1,null,0.2;0.4;0.4;0.6,Type I error,0.0775,54,1.0.0
2,0.1,0.8,0.6,0.4,0,10000,20365554,H0_s1_k2,null,0.2;0.4;0.4;0.4,Type I error,0.0079,54,1.0.0
2,0.1,0.8,0.6,0.4,0,10000,20365554,H0_s2_k2,null,0.2;0.4;0.2;0.4,Type I error,0.0521,54,1.0.0
2,0.1,0.8,0.6,0.4,0,10000,20365554,W1,alternative,0.2;0.6;0.4;0.6,Power,0.812,54,1.0.0
2,0.1,0.8,0.6,0.4,0,10000,20365554,W2,alternative,0.2;0.4;0.2;0.6,Power,0.81,54,1.0.0
2,0.1,0.8,0.6,0.4,0,10000,20365554,P1,alternative,0.2;0.6;0.2;0.6,Power,0.9641,54,1.0.0
2,0.1,0.8,0.6,0.4,0.3,10000,20470283,H0_s0_k0,null,0.4;0.6;0.4;0.6,Type I error,0.0361,54,1.0.0
2,0.1,0.8,0.6,0.4,0.3,10000,20470283,H0_s0_k1,null,0.4;0.4;0.4;0.6,Type I error,0.0042,54,1.0.0
2,0.1,0.8,0.6,0.4,0.3,10000,20470283,H0_s0_k2,null,0.4;0.4;0.4;0.4,Type I error,0.0003,54,1.0.0
2,0.1,0.8,0.6,0.4,0.3,10000,20470283,H0_s1_k1,null,0.2;0.4;0.4;0.6,Type I error,0.0732,54,1.0.0
2,0.1,0.8,0.6,0.4,0.3,10000,20470283,H0_s1_k2,null,0.2;0.4;0.4;0.4,Type I error,0.0059,54,1.0.0
2,0.1,0.8,0.6,0.4,0.3,10000,20470283,H0_s2_k2,null,0.2;0.4;0.2;0.4,Type I error,0.0493,54,1.0.0
2,0.1,0.8,0.6,0.4,0.3,10000,20470283,W1,alternative,0.2;0.6;0.4;0.6,Power,0.8132,54,1.0.0
2,0.1,0.8,0.6,0.4,0.3,10000,20470283,W2,alternative,0.2;0.4;0.2;0.6,Power,0.8082,54,1.0.0
2,0.1,0.8,0.6,0.4,0.3,10000,20470283,P1,alternative,0.2;0.6;0.2;0.6,Power,0.9631,54,1.0.0
2,0.1,0.9,0.3,0.1,0,10000,20365554,H0_s0_k0,null,0.4;0.3;0.4;0.3,Type I error,0.0413,60,1.0.0
2,0.1,0.9,0.3,0.1,0,10000,20365554,H0_s0_k1,null,0.4;0.1;0.4;0.3,Type I error,0.0045,60,1.0.0
2,0.1,0.9,0.3,0.1,0,10000,20365554,H0_s0_k2,null,0.4;0.1;0.4;0.1,Type I error,0,60,1.0.0
2,0.1,0.9,0.3,0.1,0,10000,20365554,H0_s1_k1,null,0.2;0.1;0.4;0.3,Type I error,0.0709,60,1.0.0
2,0.1,0.9,0.3,0.1,0,10000,20365554,H0_s1_k2,null,0.2;0.1;0.4;0.1,Type I error,0.0031,60,1.0.0
2,0.1,0.9,0.3,0.1,0,10000,20365554,H0_s2_k2,null,0.2;0.1;0.2;0.1,Type I error,0.0338,60,1.0.0
2,0.1,0.9,0.3,0.1,0,10000,20365554,W1,alternative,0.2;0.3;0.4;0.3,Power,0.9082,60,1.0.0
2,0.1,0.9,0.3,0.1,0,10000,20365554,W2,alternative,0.2;0.1;0.2;0.3,Power,0.9072,60,1.0.0
2,0.1,0.9,0.3,0.1,0,10000,20365554,P1,alternative,0.2;0.3;0.2;0.3,Power,0.9921,60,1.0.0
2,0.1,0.9,0.3,0.1,0.3,10000,20470283,H0_s0_k0,null,0.4;0.3;0.4;0.3,Type I error,0.0431,60,1.0.0
2,0.1,0.9,0.3,0.1,0.3,10000,20470283,H0_s0_k1,null,0.4;0.1;0.4;0.3,Type I error,0.0046,60,1.0.0
2,0.1,0.9,0.3,0.1,0.3,10000,20470283,H0_s0_k2,null,0.4;0.1;0.4;0.1,Type I error,0.0002,60,1.0.0
2,0.1,0.9,0.3,0.1,0.3,10000,20470283,H0_s1_k1,null,0.2;0.1;0.4;0.3,Type I error,0.0713,60,1.0.0
2,0.1,0.9,0.3,0.1,0.3,10000,20470283,H0_s1_k2,null,0.2;0.1;0.4;0.1,Type I error,0.0036,60,1.0.0
2,0.1,0.9,0.3,0.1,0.3,10000,20470283,H0_s2_k2,null,0.2;0.1;0.2;0.1,Type I error,0.0318,60,1.0.0
2,0.1,0.9,0.3,0.1,0.3,10000,20470283,W1,alternative,0.2;0.3;0.4;0.3,Power,0.9041,60,1.0.0
2,0.1,0.9,0.3,0.1,0.3,10000,20470283,W2,alternative,0.2;0.1;0.2;0.3,Power,0.9043,60,1.0.0
2,0.1,0.9,0.3,0.1,0.3,10000,20470283,P1,alternative,0.2;0.3;0.2;0.3,Power,0.9926,60,1.0.0
2,0.1,0.9,0.6,0.4,0,10000,20365554,H0_s0_k0,null,0.4;0.6;0.4;0.6,Type I error,0.0447,74,1.0.0
2,0.1,0.9,0.6,0.4,0,10000,20365554,H0_s0_k1,null,0.4;0.4;0.4;0.6,Type I error,0.0052,74,1.0.0
2,0.1,0.9,0.6,0.4,0,10000,20365554,H0_s0_k2,null,0.4;0.4;0.4;0.4,Type I error,0.0004,74,1.0.0
2,0.1,0.9,0.6,0.4,0,10000,20365554,H0_s1_k1,null,0.2;0.4;0.4;0.6,Type I error,0.0872,74,1.0.0
2,0.1,0.9,0.6,0.4,0,10000,20365554,H0_s1_k2,null,0.2;0.4;0.4;0.4,Type I error,0.0079,74,1.0.0
2,0.1,0.9,0.6,0.4,0,10000,20365554,H0_s2_k2,null,0.2;0.4;0.2;0.4,Type I error,0.0539,74,1.0.0
2,0.1,0.9,0.6,0.4,0,10000,20365554,W1,alternative,0.2;0.6;0.4;0.6,Power,0.9122,74,1.0.0
2,0.1,0.9,0.6,0.4,0,10000,20365554,W2,alternative,0.2;0.4;0.2;0.6,Power,0.9059,74,1.0.0
2,0.1,0.9,0.6,0.4,0,10000,20365554,P1,alternative,0.2;0.6;0.2;0.6,Power,0.9952,74,1.0.0
2,0.1,0.9,0.6,0.4,0.3,10000,20470283,H0_s0_k0,null,0.4;0.6;0.4;0.6,Type I error,0.0425,74,1.0.0
2,0.1,0.9,0.6,0.4,0.3,10000,20470283,H0_s0_k1,null,0.4;0.4;0.4;0.6,Type I error,0.006,74,1.0.0
2,0.1,0.9,0.6,0.4,0.3,10000,20470283,H0_s0_k2,null,0.4;0.4;0.4;0.4,Type I error,0.0002,74,1.0.0
2,0.1,0.9,0.6,0.4,0.3,10000,20470283,H0_s1_k1,null,0.2;0.4;0.4;0.6,Type I error,0.0883,74,1.0.0
2,0.1,0.9,0.6,0.4,0.3,10000,20470283,H0_s1_k2,null,0.2;0.4;0.4;0.4,Type I error,0.0055,74,1.0.0
2,0.1,0.9,0.6,0.4,0.3,10000,20470283,H0_s2_k2,null,0.2;0.4;0.2;0.4,Type I error,0.0484,74,1.0.0
2,0.1,0.9,0.6,0.4,0.3,10000,20470283,W1,alternative,0.2;0.6;0.4;0.6,Power,0.9067,74,1.0.0
2,0.1,0.9,0.6,0.4,0.3,10000,20470283,W2,alternative,0.2;0.4;0.2;0.6,Power,0.8997,74,1.0.0
2,0.1,0.9,0.6,0.4,0.3,10000,20470283,P1,alternative,0.2;0.6;0.2;0.6,Power,0.9949,74,1.0.0
3,0.05,0.8,0.3,0.1,0,10000,20365554,H0_s0_k0,null,0.4;0.3;0.4;0.3;0.4;0.3,Type I error,0.0437,51,1.0.0
3,0.05,0.8,0.3,0.1,0,10000,20365554,H0_s0_k1,null,0.4;0.1;0.4;0.3;0.4;0.3,Type I error,0.004,51,1.0.0
3,0.05,0.8,0.3,0.1,0,10000,20365554,H0_s0_k2,null,0.4;0.1;0.4;0.1;0.4;0.3,Type I error,0.0005,51,1.0.0
3,0.05,0.8,0.3,0.1,0,10000,20365554,H0_s0_k3,null,0.4;0.1;0.4;0.1;0.4;0.1,Type I error,0,51,1.0.0
3,0.05,0.8,0.3,0.1,0,10000,20365554,H0_s1_k1,null,0.2;0.1;0.4;0.3;0.4;0.3,Type I error,0.0451,51,1.0.0
3,0.05,0.8,0.3,0.1,0,10000,20365554,H0_s1_k2,null,0.2;0.1;0.4;0.1;0.4;0.3,Type I error,0.0034,51,1.0.0
3,0.05,0.8,0.3,0.1,0,10000,20365554,H0_s1_k3,null,0.2;0.1;0.4;0.1;0.4;0.1,Type I error,0,51,1.0.0
3,0.05,0.8,0.3,0.1,0,10000,20365554,H0_s2_k2,null,0.2;0.1;0.2;0.1;0.4;0.3,Type I error,0.0429,51,1.0.0
3,0.05,0.8,0.3,0.1,0,10000,20365554,H0_s2_k3,null,0.2;0.1;0.2;0.1;0.4;0.1,Type I error,0.0004,51,1.0.0
3,0.05,0.8,0.3,0.1,0,10000,20365554,H0_s3_k3,null,0.2;0.1;0.2;0.1;0.2;0.1,Type I error,0.0106,51,1.0.0
3,0.05,0.8,0.3,0.1,0,10000,20365554,W1,alternative,0.2;0.3;0.4;0.3;0.4;0.3,Power,0.8176,51,1.0.0
3,0.05,0.8,0.3,0.1,0,10000,20365554,W2,alternative,0.2;0.1;0.2;0.3;0.4;0.3,Power,0.8053,51,1.0.0
3,0.05,0.8,0.3,0.1,0,10000,20365554,W3,alternative,0.2;0.1;0.2;0.1;0.2;0.3,Power,0.849,51,1.0.0
3,0.05,0.8,0.3,0.1,0,10000,20365554,P1,alternative,0.2;0.3;0.2;0.3;0.4;0.3,Power,0.9282,51,1.0.0
3,0.05,0.8,0.3,0.1,0,10000,20365554,P2,alternative,0.2;0.1;0.2;0.3;0.2;0.3,Power,0.9548,51,1.0.0
3,0.05,0.8,0.3,0.1,0.3,10000,20470283,H0_s0_k0,null,0.4;0.3;0.4;0.3;0.4;0.3,Type I error,0.0374,51,1.0.0
3,0.05,0.8,0.3,0.1,0.3,10000,20470283,H0_s0_k1,null,0.4;0.1;0.4;0.3;0.4;0.3,Type I error,0.0023,51,1.0.0
3,0.05,0.8,0.3,0.1,0.3,10000,20470283,H0_s0_k2,null,0.4;0.1;0.4;0.1;0.4;0.3,Type I error,0.0003,51,1.0.0
3,0.05,0.8,0.3,0.1,0.3,10000,20470283,H0_s0_k3,null,0.4;0.1;0.4;0.1;0.4;0.1,Type I error,0,51,1.0.0
3,0.05,0.8,0.3,0.1,0.3,10000,20470283,H0_s1_k1,null,0.2;0.1;0.4;0.3;0.4;0.3,Type I error,0.0447,51,1.0.0
3,0.05,0.8,0.3,0.1,0.3,10000,20470283,H0_s1_k2,null,0.2;0.1;0.4;0.1;0.4;0.3,Type I error,0.0042,51,1.0.0
3,0.05,0.8,0.3,0.1,0.3,10000,20470283,H0_s1_k3,null,0.2;0.1;0.4;0.1;0.4;0.1,Type I error,0.0001,51,1.0.0
3,0.05,0.8,0.3,0.1,0.3,10000,20470283,H0_s2_k2,null,0.2;0.1;0.2;0.1;0.4;0.3,Type I error,0.0477,51,1.0.0
3,0.05,0.8,0.3,0.1,0.3,10000,20470283,H0_s2_k3,null,0.2;0.1;0.2;0.1;0.4;0.1,Type I error,0.0007,51,1.0.0
3,0.05,0.8,0.3,0.1,0.3,10000,20470283,H0_s3_k3,null,0.2;0.1;0.2;0.1;0.2;0.1,Type I error,0.0081,51,1.0.0
3,0.05,0.8,0.3,0.1,0.3,10000,20470283,W1,alternative,0.2;0.3;0.4;0.3;0.4;0.3,Power,0.8126,51,1.0.0
3,0.05,0.8,0.3,0.1,0.3,10000,20470283,W2,alternative,0.2;0.1;0.2;0.3;0.4;0.3,Power,0.7942,51,1.0.0
3,0.05,0.8,0.3,0.1,0.3,10000,20470283,W3,alternative,0.2;0.1;0.2;0.1;0.2;0.3,Power,0.8372,51,1.0.0
3,0.05,0.8,0.3,0.1,0.3,10000,20470283,P1,alternative,0.2;0.3;0.2;0.3;0.4;0.3,Power,0.9196,51,1.0.0
3,0.05,0.8,0.3,0.1,0.3,10000,20470283,P2,alternative,0.2;0.1;0.2;0.3;0.2;0.3,Power,0.9533,51,1.0.0
3,0.05,0.8,0.6,0.4,0,10000,20365554,H0_s0_k0,null,0.4;0.6;0.4;0.6;0.4;0.6,Type I error,0.0245,65,1.0.0
3,0.05,0.8,0.6,0.4,0,10000,20365554,H0_s0_k1,null,0.4;0.4;0.4;0.6;0.4;0.6,Type I error,0.0019,65,1.0.0
3,0.05,0.8,0.6,0.4,0,10000,20365554,H0_s0_k2,null,0.4;0.4;0.4;0.4;0.4;0.6,Type I error,0.0001,65,1.0.0
3,0.05,0.8,0.6,0.4,0,10000,20365554,H0_s0_k3,null,0.4;0.4;0.4;0.4;0.4;0.4,Type I error,0,65,1.0.0
3,0.05,0.8,0.6,0.4,0,10000,20365554,H0_s1_k1,null,0.2;0.4;0.4;0.6;0.4;0.6,Type I error,0.0485,65,1.0.0
3,0.05,0.8,0.6,0.4,0,10000,20365554,H0_s1_k2,null,0.2;0.4;0.4;0.4;0.4;0.6,Type I error,0.0035,65,1.0.0
3,0.05,0.8,0.6,0.4,0,10000,20365554,H0_s1_k3,null,0.2;0.4;0.4;0.4;0.4;0.4,Type I error,0.0001,65,1.0.0
3,0.05,0.8,0.6,0.4,0,10000,20365554,H0_s2_k2,null,0.2;0.4;0.2;0.4;0.4;0.6,Type I error,0.0457,65,1.0.0
3,0.05,0.8,0.6,0.4,0,10000,20365554,H0_s2_k3,null,0.2;0.4;0.2;0.4;0.4;0.4,Type I error,0.0028,65,1.0.0
3,0.05,0.8,0.6,0.4,0,10000,20365554,H0_s3_k3,null,0.2;0.4;0.2;0.4;0.2;0.4,Type I error,0.0267,65,1.0.0
3,0.05,0.8,0.6,0.4,0,10000,20365554,W1,alternative,0.2;0.6;0.4;0.6;0.4;0.6,Power,0.8344,65,1.0.0
3,0.05,0.8,0.6,0.4,0,10000,20365554,W2,alternative,0.2;0.4;0.2;0.6;0.4;0.6,Power,0.8071,65,1.0.0
3,0.05,0.8,0.6,0.4,0,10000,20365554,W3,alternative,0.2;0.4;0.2;0.4;0.2;0.6,Power,0.8357,65,1.0.0
3,0.05,0.8,0.6,0.4,0,10000,20365554,P1,alternative,0.2;0.6;0.2;0.6;0.4;0.6,Power,0.9388,65,1.0.0
3,0.05,0.8,0.6,0.4,0,10000,20365554,P2,alternative,0.2;0.4;0.2;0.6;0.2;0.6,Power,0.9365,65,1.0.0
3,0.05,0.8,0.6,0.4,0.3,10000,20470283,H0_s0_k0,null,0.4;0.6;0.4;0.6;0.4;0.6,Type I error,0.0205,65,1.0.0
3,0.05,0.8,0.6,0.4,0.3,10000,20470283,H0_s0_k1,null,0.4;0.4;0.4;0.6;0.4;0.6,Type I error,0.0015,65,1.0.0
3,0.05,0.8,0.6,0.4,0.3,10000,20470283,H0_s0_k2,null,0.4;0.4;0.4;0.4;0.4;0.6,Type I error,0.0002,65,1.0.0
3,0.05,0.8,0.6,0.4,0.3,10000,20470283,H0_s0_k3,null,0.4;0.4;0.4;0.4;0.4;0.4,Type I error,0,65,1.0.0
3,0.05,0.8,0.6,0.4,0.3,10000,20470283,H0_s1_k1,null,0.2;0.4;0.4;0.6;0.4;0.6,Type I error,0.0487,65,1.0.0
3,0.05,0.8,0.6,0.4,0.3,10000,20470283,H0_s1_k2,null,0.2;0.4;0.4;0.4;0.4;0.6,Type I error,0.0019,65,1.0.0
3,0.05,0.8,0.6,0.4,0.3,10000,20470283,H0_s1_k3,null,0.2;0.4;0.4;0.4;0.4;0.4,Type I error,0.0001,65,1.0.0
3,0.05,0.8,0.6,0.4,0.3,10000,20470283,H0_s2_k2,null,0.2;0.4;0.2;0.4;0.4;0.6,Type I error,0.0479,65,1.0.0
3,0.05,0.8,0.6,0.4,0.3,10000,20470283,H0_s2_k3,null,0.2;0.4;0.2;0.4;0.4;0.4,Type I error,0.0018,65,1.0.0
3,0.05,0.8,0.6,0.4,0.3,10000,20470283,H0_s3_k3,null,0.2;0.4;0.2;0.4;0.2;0.4,Type I error,0.0286,65,1.0.0
3,0.05,0.8,0.6,0.4,0.3,10000,20470283,W1,alternative,0.2;0.6;0.4;0.6;0.4;0.6,Power,0.835,65,1.0.0
3,0.05,0.8,0.6,0.4,0.3,10000,20470283,W2,alternative,0.2;0.4;0.2;0.6;0.4;0.6,Power,0.8051,65,1.0.0
3,0.05,0.8,0.6,0.4,0.3,10000,20470283,W3,alternative,0.2;0.4;0.2;0.4;0.2;0.6,Power,0.8366,65,1.0.0
3,0.05,0.8,0.6,0.4,0.3,10000,20470283,P1,alternative,0.2;0.6;0.2;0.6;0.4;0.6,Power,0.9422,65,1.0.0
3,0.05,0.8,0.6,0.4,0.3,10000,20470283,P2,alternative,0.2;0.4;0.2;0.6;0.2;0.6,Power,0.9383,65,1.0.0
3,0.05,0.9,0.3,0.1,0,10000,20365554,H0_s0_k0,null,0.4;0.3;0.4;0.3;0.4;0.3,Type I error,0.0321,67,1.0.0
3,0.05,0.9,0.3,0.1,0,10000,20365554,H0_s0_k1,null,0.4;0.1;0.4;0.3;0.4;0.3,Type I error,0.0026,67,1.0.0
3,0.05,0.9,0.3,0.1,0,10000,20365554,H0_s0_k2,null,0.4;0.1;0.4;0.1;0.4;0.3,Type I error,0.0002,67,1.0.0
3,0.05,0.9,0.3,0.1,0,10000,20365554,H0_s0_k3,null,0.4;0.1;0.4;0.1;0.4;0.1,Type I error,0,67,1.0.0
3,0.05,0.9,0.3,0.1,0,10000,20365554,H0_s1_k1,null,0.2;0.1;0.4;0.3;0.4;0.3,Type I error,0.045,67,1.0.0
3,0.05,0.9,0.3,0.1,0,10000,20365554,H0_s1_k2,null,0.2;0.1;0.4;0.1;0.4;0.3,Type I error,0.003,67,1.0.0
3,0.05,0.9,0.3,0.1,0,10000,20365554,H0_s1_k3,null,0.2;0.1;0.4;0.1;0.4;0.1,Type I error,0.0002,67,1.0.0
3,0.05,0.9,0.3,0.1,0,10000,20365554,H0_s2_k2,null,0.2;0.1;0.2;0.1;0.4;0.3,Type I error,0.0443,67,1.0.0
3,0.05,0.9,0.3,0.1,0,10000,20365554,H0_s2_k3,null,0.2;0.1;0.2;0.1;0.4;0.1,Type I error,0.0012,67,1.0.0
3,0.05,0.9,0.3,0.1,0,10000,20365554,H0_s3_k3,null,0.2;0.1;0.2;0.1;0.2;0.1,Type I error,0.0139,67,1.0.0
3,0.05,0.9,0.3,0.1,0,10000,20365554,W1,alternative,0.2;0.3;0.4;0.3;0.4;0.3,Power,0.9159,67,1.0.0
3,0.05,0.9,0.3,0.1,0,10000,20365554,W2,alternative,0.2;0.1;0.2;0.3;0.4;0.3,Power,0.8994,67,1.0.0
3,0.05,0.9,0.3,0.1,0,10000,20365554,W3,alternative,0.2;0.1;0.2;0.1;0.2;0.3,Power,0.9258,67,1.0.0
3,0.05,0.9,0.3,0.1,0,10000,20365554,P1,alternative,0.2;0.3;0.2;0.3;0.4;0.3,Power,0.9649,67,1.0.0
3,0.05,0.9,0.3,0.1,0,10000,20365554,P2,alternative,0.2;0.1;0.2;0.3;0.2;0.3,Power,0.9769,67,1.0.0
3,0.05,0.9,0.3,0.1,0.3,10000,20470283,H0_s0_k0,null,0.4;0.3;0.4;0.3;0.4;0.3,Type I error,0.031,67,1.0.0
3,0.05,0.9,0.3,0.1,0.3,10000,20470283,H0_s0_k1,null,0.4;0.1;0.4;0.3;0.4;0.3,Type I error,0.003,67,1.0.0
3,0.05,0.9,0.3,0.1,0.3,10000,20470283,H0_s0_k2,null,0.4;0.1;0.4;0.1;0.4;0.3,Type I error,0.0004,67,1.0.0
3,0.05,0.9,0.3,0.1,0.3,10000,20470283,H0_s0_k3,null,0.4;0.1;0.4;0.1;0.4;0.1,Type I error,0,67,1.0.0
3,0.05,0.9,0.3,0.1,0.3,10000,20470283,H0_s1_k1,null,0.2;0.1;0.4;0.3;0.4;0.3,Type I error,0.0469,67,1.0.0
3,0.05,0.9,0.3,0.1,0.3,10000,20470283,H0_s1_k2,null,0.2;0.1;0.4;0.1;0.4;0.3,Type I error,0.0029,67,1.0.0
3,0.05,0.9,0.3,0.1,0.3,10000,20470283,H0_s1_k3,null,0.2;0.1;0.4;0.1;0.4;0.1,Type I error,0.0002,67,1.0.0
3,0.05,0.9,0.3,0.1,0.3,10000,20470283,H0_s2_k2,null,0.2;0.1;0.2;0.1;0.4;0.3,Type I error,0.0418,67,1.0.0
3,0.05,0.9,0.3,0.1,0.3,10000,20470283,H0_s2_k3,null,0.2;0.1;0.2;0.1;0.4;0.1,Type I error,0.0007,67,1.0.0
3,0.05,0.9,0.3,0.1,0.3,10000,20470283,H0_s3_k3,null,0.2;0.1;0.2;0.1;0.2;0.1,Type I error,0.0139,67,1.0.0
3,0.05,0.9,0.3,0.1,0.3,10000,20470283,W1,alternative,0.2;0.3;0.4;0.3;0.4;0.3,Power,0.9099,67,1.0.0
3,0.05,0.9,0.3,0.1,0.3,10000,20470283,W2,alternative,0.2;0.1;0.2;0.3;0.4;0.3,Power,0.8963,67,1.0.0
3,0.05,0.9,0.3,0.1,0.3,10000,20470283,W3,alternative,0.2;0.1;0.2;0.1;0.2;0.3,Power,0.9296,67,1.0.0
3,0.05,0.9,0.3,0.1,0.3,10000,20470283,P1,alternative,0.2;0.3;0.2;0.3;0.4;0.3,Power,0.9635,67,1.0.0
3,0.05,0.9,0.3,0.1,0.3,10000,20470283,P2,alternative,0.2;0.1;0.2;0.3;0.2;0.3,Power,0.9799,67,1.0.0
3,0.05,0.9,0.6,0.4,0,10000,20365554,H0_s0_k0,null,0.4;0.6;0.4;0.6;0.4;0.6,Type I error,0.0182,87,1.0.0
3,0.05,0.9,0.6,0.4,0,10000,20365554,H0_s0_k1,null,0.4;0.4;0.4;0.6;0.4;0.6,Type I error,0.0014,87,1.0.0
3,0.05,0.9,0.6,0.4,0,10000,20365554,H0_s0_k2,null,0.4;0.4;0.4;0.4;0.4;0.6,Type I error,0,87,1.0.0
3,0.05,0.9,0.6,0.4,0,10000,20365554,H0_s0_k3,null,0.4;0.4;0.4;0.4;0.4;0.4,Type I error,0,87,1.0.0
3,0.05,0.9,0.6,0.4,0,10000,20365554,H0_s1_k1,null,0.2;0.4;0.4;0.6;0.4;0.6,Type I error,0.0446,87,1.0.0
3,0.05,0.9,0.6,0.4,0,10000,20365554,H0_s1_k2,null,0.2;0.4;0.4;0.4;0.4;0.6,Type I error,0.0028,87,1.0.0
3,0.05,0.9,0.6,0.4,0,10000,20365554,H0_s1_k3,null,0.2;0.4;0.4;0.4;0.4;0.4,Type I error,0,87,1.0.0
3,0.05,0.9,0.6,0.4,0,10000,20365554,H0_s2_k2,null,0.2;0.4;0.2;0.4;0.4;0.6,Type I error,0.0486,87,1.0.0
3,0.05,0.9,0.6,0.4,0,10000,20365554,H0_s2_k3,null,0.2;0.4;0.2;0.4;0.4;0.4,Type I error,0.0022,87,1.0.0
3,0.05,0.9,0.6,0.4,0,10000,20365554,H0_s3_k3,null,0.2;0.4;0.2;0.4;0.2;0.4,Type I error,0.029,87,1.0.0
3,0.05,0.9,0.6,0.4,0,10000,20365554,W1,alternative,0.2;0.6;0.4;0.6;0.4;0.6,Power,0.9379,87,1.0.0
3,0.05,0.9,0.6,0.4,0,10000,20365554,W2,alternative,0.2;0.4;0.2;0.6;0.4;0.6,Power,0.9035,87,1.0.0
3,0.05,0.9,0.6,0.4,0,10000,20365554,W3,alternative,0.2;0.4;0.2;0.4;0.2;0.6,Power,0.9223,87,1.0.0
3,0.05,0.9,0.6,0.4,0,10000,20365554,P1,alternative,0.2;0.6;0.2;0.6;0.4;0.6,Power,0.9757,87,1.0.0
3,0.05,0.9,0.6,0.4,0,10000,20365554,P2,alternative,0.2;0.4;0.2;0.6;0.2;0.6,Power,0.9656,87,1.0.0
3,0.05,0.9,0.6,0.4,0.3,10000,20470283,H0_s0_k0,null,0.4;0.6;0.4;0.6;0.4;0.6,Type I error,0.0181,87,1.0.0
3,0.05,0.9,0.6,0.4,0.3,10000,20470283,H0_s0_k1,null,0.4;0.4;0.4;0.6;0.4;0.6,Type I error,0.0006,87,1.0.0
3,0.05,0.9,0.6,0.4,0.3,10000,20470283,H0_s0_k2,null,0.4;0.4;0.4;0.4;0.4;0.6,Type I error,0,87,1.0.0
3,0.05,0.9,0.6,0.4,0.3,10000,20470283,H0_s0_k3,null,0.4;0.4;0.4;0.4;0.4;0.4,Type I error,0,87,1.0.0
3,0.05,0.9,0.6,0.4,0.3,10000,20470283,H0_s1_k1,null,0.2;0.4;0.4;0.6;0.4;0.6,Type I error,0.0503,87,1.0.0
3,0.05,0.9,0.6,0.4,0.3,10000,20470283,H0_s1_k2,null,0.2;0.4;0.4;0.4;0.4;0.6,Type I error,0.0028,87,1.0.0
3,0.05,0.9,0.6,0.4,0.3,10000,20470283,H0_s1_k3,null,0.2;0.4;0.4;0.4;0.4;0.4,Type I error,0.0004,87,1.0.0
3,0.05,0.9,0.6,0.4,0.3,10000,20470283,H0_s2_k2,null,0.2;0.4;0.2;0.4;0.4;0.6,Type I error,0.0439,87,1.0.0
3,0.05,0.9,0.6,0.4,0.3,10000,20470283,H0_s2_k3,null,0.2;0.4;0.2;0.4;0.4;0.4,Type I error,0.0021,87,1.0.0
3,0.05,0.9,0.6,0.4,0.3,10000,20470283,H0_s3_k3,null,0.2;0.4;0.2;0.4;0.2;0.4,Type I error,0.0293,87,1.0.0
3,0.05,0.9,0.6,0.4,0.3,10000,20470283,W1,alternative,0.2;0.6;0.4;0.6;0.4;0.6,Power,0.9255,87,1.0.0
3,0.05,0.9,0.6,0.4,0.3,10000,20470283,W2,alternative,0.2;0.4;0.2;0.6;0.4;0.6,Power,0.9008,87,1.0.0
3,0.05,0.9,0.6,0.4,0.3,10000,20470283,W3,alternative,0.2;0.4;0.2;0.4;0.2;0.6,Power,0.9242,87,1.0.0
3,0.05,0.9,0.6,0.4,0.3,10000,20470283,P1,alternative,0.2;0.6;0.2;0.6;0.4;0.6,Power,0.9745,87,1.0.0
3,0.05,0.9,0.6,0.4,0.3,10000,20470283,P2,alternative,0.2;0.4;0.2;0.6;0.2;0.6,Power,0.9653,87,1.0.0
3,0.1,0.8,0.3,0.1,0,10000,20365554,H0_s0_k0,null,0.4;0.3;0.4;0.3;0.4;0.3,Type I error,0.0566,47,1.0.0
3,0.1,0.8,0.3,0.1,0,10000,20365554,H0_s0_k1,null,0.4;0.1;0.4;0.3;0.4;0.3,Type I error,0.0078,47,1.0.0
3,0.1,0.8,0.3,0.1,0,10000,20365554,H0_s0_k2,null,0.4;0.1;0.4;0.1;0.4;0.3,Type I error,0.0015,47,1.0.0
3,0.1,0.8,0.3,0.1,0,10000,20365554,H0_s0_k3,null,0.4;0.1;0.4;0.1;0.4;0.1,Type I error,0.0002,47,1.0.0
3,0.1,0.8,0.3,0.1,0,10000,20365554,H0_s1_k1,null,0.2;0.1;0.4;0.3;0.4;0.3,Type I error,0.0851,47,1.0.0
3,0.1,0.8,0.3,0.1,0,10000,20365554,H0_s1_k2,null,0.2;0.1;0.4;0.1;0.4;0.3,Type I error,0.0122,47,1.0.0
3,0.1,0.8,0.3,0.1,0,10000,20365554,H0_s1_k3,null,0.2;0.1;0.4;0.1;0.4;0.1,Type I error,0.0013,47,1.0.0
3,0.1,0.8,0.3,0.1,0,10000,20365554,H0_s2_k2,null,0.2;0.1;0.2;0.1;0.4;0.3,Type I error,0.0859,47,1.0.0
3,0.1,0.8,0.3,0.1,0,10000,20365554,H0_s2_k3,null,0.2;0.1;0.2;0.1;0.4;0.1,Type I error,0.0055,47,1.0.0
3,0.1,0.8,0.3,0.1,0,10000,20365554,H0_s3_k3,null,0.2;0.1;0.2;0.1;0.2;0.1,Type I error,0.0406,47,1.0.0
3,0.1,0.8,0.3,0.1,0,10000,20365554,W1,alternative,0.2;0.3;0.4;0.3;0.4;0.3,Power,0.8379,47,1.0.0
3,0.1,0.8,0.3,0.1,0,10000,20365554,W2,alternative,0.2;0.1;0.2;0.3;0.4;0.3,Power,0.7979,47,1.0.0
3,0.1,0.8,0.3,0.1,0,10000,20365554,W3,alternative,0.2;0.1;0.2;0.1;0.2;0.3,Power,0.8467,47,1.0.0
3,0.1,0.8,0.3,0.1,0,10000,20365554,P1,alternative,0.2;0.3;0.2;0.3;0.4;0.3,Power,0.9245,47,1.0.0
3,0.1,0.8,0.3,0.1,0,10000,20365554,P2,alternative,0.2;0.1;0.2;0.3;0.2;0.3,Power,0.9334,47,1.0.0
3,0.1,0.8,0.3,0.1,0.3,10000,20470283,H0_s0_k0,null,0.4;0.3;0.4;0.3;0.4;0.3,Type I error,0.0555,47,1.0.0
3,0.1,0.8,0.3,0.1,0.3,10000,20470283,H0_s0_k1,null,0.4;0.1;0.4;0.3;0.4;0.3,Type I error,0.0069,47,1.0.0
3,0.1,0.8,0.3,0.1,0.3,10000,20470283,H0_s0_k2,null,0.4;0.1;0.4;0.1;0.4;0.3,Type I error,0.0006,47,1.0.0
3,0.1,0.8,0.3,0.1,0.3,10000,20470283,H0_s0_k3,null,0.4;0.1;0.4;0.1;0.4;0.1,Type I error,0,47,1.0.0
3,0.1,0.8,0.3,0.1,0.3,10000,20470283,H0_s1_k1,null,0.2;0.1;0.4;0.3;0.4;0.3,Type I error,0.0833,47,1.0.0
3,0.1,0.8,0.3,0.1,0.3,10000,20470283,H0_s1_k2,null,0.2;0.1;0.4;0.1;0.4;0.3,Type I error,0.0088,47,1.0.0
3,0.1,0.8,0.3,0.1,0.3,10000,20470283,H0_s1_k3,null,0.2;0.1;0.4;0.1;0.4;0.1,Type I error,0.0006,47,1.0.0
3,0.1,0.8,0.3,0.1,0.3,10000,20470283,H0_s2_k2,null,0.2;0.1;0.2;0.1;0.4;0.3,Type I error,0.0851,47,1.0.0
3,0.1,0.8,0.3,0.1,0.3,10000,20470283,H0_s2_k3,null,0.2;0.1;0.2;0.1;0.4;0.1,Type I error,0.0045,47,1.0.0
3,0.1,0.8,0.3,0.1,0.3,10000,20470283,H0_s3_k3,null,0.2;0.1;0.2;0.1;0.2;0.1,Type I error,0.0386,47,1.0.0
3,0.1,0.8,0.3,0.1,0.3,10000,20470283,W1,alternative,0.2;0.3;0.4;0.3;0.4;0.3,Power,0.8449,47,1.0.0
3,0.1,0.8,0.3,0.1,0.3,10000,20470283,W2,alternative,0.2;0.1;0.2;0.3;0.4;0.3,Power,0.7953,47,1.0.0
3,0.1,0.8,0.3,0.1,0.3,10000,20470283,W3,alternative,0.2;0.1;0.2;0.1;0.2;0.3,Power,0.84,47,1.0.0
3,0.1,0.8,0.3,0.1,0.3,10000,20470283,P1,alternative,0.2;0.3;0.2;0.3;0.4;0.3,Power,0.9252,47,1.0.0
3,0.1,0.8,0.3,0.1,0.3,10000,20470283,P2,alternative,0.2;0.1;0.2;0.3;0.2;0.3,Power,0.9364,47,1.0.0
3,0.1,0.8,0.6,0.4,0,10000,20365554,H0_s0_k0,null,0.4;0.6;0.4;0.6;0.4;0.6,Type I error,0.0491,59,1.0.0
3,0.1,0.8,0.6,0.4,0,10000,20365554,H0_s0_k1,null,0.4;0.4;0.4;0.6;0.4;0.6,Type I error,0.0076,59,1.0.0
3,0.1,0.8,0.6,0.4,0,10000,20365554,H0_s0_k2,null,0.4;0.4;0.4;0.4;0.4;0.6,Type I error,0.0006,59,1.0.0
3,0.1,0.8,0.6,0.4,0,10000,20365554,H0_s0_k3,null,0.4;0.4;0.4;0.4;0.4;0.4,Type I error,0,59,1.0.0
3,0.1,0.8,0.6,0.4,0,10000,20365554,H0_s1_k1,null,0.2;0.4;0.4;0.6;0.4;0.6,Type I error,0.0979,59,1.0.0
3,0.1,0.8,0.6,0.4,0,10000,20365554,H0_s1_k2,null,0.2;0.4;0.4;0.4;0.4;0.6,Type I error,0.0116,59,1.0.0
3,0.1,0.8,0.6,0.4,0,10000,20365554,H0_s1_k3,null,0.2;0.4;0.4;0.4;0.4;0.4,Type I error,0.0015,59,1.0.0
3,0.1,0.8,0.6,0.4,0,10000,20365554,H0_s2_k2,null,0.2;0.4;0.2;0.4;0.4;0.6,Type I error,0.0968,59,1.0.0
3,0.1,0.8,0.6,0.4,0,10000,20365554,H0_s2_k3,null,0.2;0.4;0.2;0.4;0.4;0.4,Type I error,0.0105,59,1.0.0
3,0.1,0.8,0.6,0.4,0,10000,20365554,H0_s3_k3,null,0.2;0.4;0.2;0.4;0.2;0.4,Type I error,0.0637,59,1.0.0
3,0.1,0.8,0.6,0.4,0,10000,20365554,W1,alternative,0.2;0.6;0.4;0.6;0.4;0.6,Power,0.8531,59,1.0.0
3,0.1,0.8,0.6,0.4,0,10000,20365554,W2,alternative,0.2;0.4;0.2;0.6;0.4;0.6,Power,0.8012,59,1.0.0
3,0.1,0.8,0.6,0.4,0,10000,20365554,W3,alternative,0.2;0.4;0.2;0.4;0.2;0.6,Power,0.8435,59,1.0.0
3,0.1,0.8,0.6,0.4,0,10000,20365554,P1,alternative,0.2;0.6;0.2;0.6;0.4;0.6,Power,0.9355,59,1.0.0
3,0.1,0.8,0.6,0.4,0,10000,20365554,P2,alternative,0.2;0.4;0.2;0.6;0.2;0.6,Power,0.9241,59,1.0.0
3,0.1,0.8,0.6,0.4,0.3,10000,20470283,H0_s0_k0,null,0.4;0.6;0.4;0.6;0.4;0.6,Type I error,0.0483,59,1.0.0
3,0.1,0.8,0.6,0.4,0.3,10000,20470283,H0_s0_k1,null,0.4;0.4;0.4;0.6;0.4;0.6,Type I error,0.0068,59,1.0.0
3,0.1,0.8,0.6,0.4,0.3,10000,20470283,H0_s0_k2,null,0.4;0.4;0.4;0.4;0.4;0.6,Type I error,0.0013,59,1.0.0
3,0.1,0.8,0.6,0.4,0.3,10000,20470283,H0_s0_k3,null,0.4;0.4;0.4;0.4;0.4;0.4,Type I error,0.0002,59,1.0.0
3,0.1,0.8,0.6,0.4,0.3,10000,20470283,H0_s1_k1,null,0.2;0.4;0.4;0.6;0.4;0.6,Type I error,0.0952,59,1.0.0
3,0.1,0.8,0.6,0.4,0.3,10000,20470283,H0_s1_k2,null,0.2;0.4;0.4;0.4;0.4;0.6,Type I error,0.0116,59,1.0.0
3,0.1,0.8,0.6,0.4,0.3,10000,20470283,H0_s1_k3,null,0.2;0.4;0.4;0.4;0.4;0.4,Type I error,0.001,59,1.0.0
3,0.1,0.8,0.6,0.4,0.3,10000,20470283,H0_s2_k2,null,0.2;0.4;0.2;0.4;0.4;0.6,Type I error,0.098,59,1.0.0
3,0.1,0.8,0.6,0.4,0.3,10000,20470283,H0_s2_k3,null,0.2;0.4;0.2;0.4;0.4;0.4,Type I error,0.0077,59,1.0.0
3,0.1,0.8,0.6,0.4,0.3,10000,20470283,H0_s3_k3,null,0.2;0.4;0.2;0.4;0.2;0.4,Type I error,0.057,59,1.0.0
3,0.1,0.8,0.6,0.4,0.3,10000,20470283,W1,alternative,0.2;0.6;0.4;0.6;0.4;0.6,Power,0.8447,59,1.0.0
3,0.1,0.8,0.6,0.4,0.3,10000,20470283,W2,alternative,0.2;0.4;0.2;0.6;0.4;0.6,Power,0.7967,59,1.0.0
3,0.1,0.8,0.6,0.4,0.3,10000,20470283,W3,alternative,0.2;0.4;0.2;0.4;0.2;0.6,Power,0.8462,59,1.0.0
3,0.1,0.8,0.6,0.4,0.3,10000,20470283,P1,alternative,0.2;0.6;0.2;0.6;0.4;0.6,Power,0.9294,59,1.0.0
3,0.1,0.8,0.6,0.4,0.3,10000,20470283,P2,alternative,0.2;0.4;0.2;0.6;0.2;0.6,Power,0.929,59,1.0.0
3,0.1,0.9,0.3,0.1,0,10000,20365554,H0_s0_k0,null,0.4;0.3;0.4;0.3;0.4;0.3,Type I error,0.0321,67,1.0.0
3,0.1,0.9,0.3,0.1,0,10000,20365554,H0_s0_k1,null,0.4;0.1;0.4;0.3;0.4;0.3,Type I error,0.0026,67,1.0.0
3,0.1,0.9,0.3,0.1,0,10000,20365554,H0_s0_k2,null,0.4;0.1;0.4;0.1;0.4;0.3,Type I error,0.0002,67,1.0.0
3,0.1,0.9,0.3,0.1,0,10000,20365554,H0_s0_k3,null,0.4;0.1;0.4;0.1;0.4;0.1,Type I error,0,67,1.0.0
3,0.1,0.9,0.3,0.1,0,10000,20365554,H0_s1_k1,null,0.2;0.1;0.4;0.3;0.4;0.3,Type I error,0.045,67,1.0.0
3,0.1,0.9,0.3,0.1,0,10000,20365554,H0_s1_k2,null,0.2;0.1;0.4;0.1;0.4;0.3,Type I error,0.003,67,1.0.0
3,0.1,0.9,0.3,0.1,0,10000,20365554,H0_s1_k3,null,0.2;0.1;0.4;0.1;0.4;0.1,Type I error,0.0002,67,1.0.0
3,0.1,0.9,0.3,0.1,0,10000,20365554,H0_s2_k2,null,0.2;0.1;0.2;0.1;0.4;0.3,Type I error,0.0443,67,1.0.0
3,0.1,0.9,0.3,0.1,0,10000,20365554,H0_s2_k3,null,0.2;0.1;0.2;0.1;0.4;0.1,Type I error,0.0012,67,1.0.0
3,0.1,0.9,0.3,0.1,0,10000,20365554,H0_s3_k3,null,0.2;0.1;0.2;0.1;0.2;0.1,Type I error,0.0139,67,1.0.0
3,0.1,0.9,0.3,0.1,0,10000,20365554,W1,alternative,0.2;0.3;0.4;0.3;0.4;0.3,Power,0.9159,67,1.0.0
3,0.1,0.9,0.3,0.1,0,10000,20365554,W2,alternative,0.2;0.1;0.2;0.3;0.4;0.3,Power,0.8994,67,1.0.0
3,0.1,0.9,0.3,0.1,0,10000,20365554,W3,alternative,0.2;0.1;0.2;0.1;0.2;0.3,Power,0.9258,67,1.0.0
3,0.1,0.9,0.3,0.1,0,10000,20365554,P1,alternative,0.2;0.3;0.2;0.3;0.4;0.3,Power,0.9649,67,1.0.0
3,0.1,0.9,0.3,0.1,0,10000,20365554,P2,alternative,0.2;0.1;0.2;0.3;0.2;0.3,Power,0.9769,67,1.0.0
3,0.1,0.9,0.3,0.1,0.3,10000,20470283,H0_s0_k0,null,0.4;0.3;0.4;0.3;0.4;0.3,Type I error,0.031,67,1.0.0
3,0.1,0.9,0.3,0.1,0.3,10000,20470283,H0_s0_k1,null,0.4;0.1;0.4;0.3;0.4;0.3,Type I error,0.003,67,1.0.0
3,0.1,0.9,0.3,0.1,0.3,10000,20470283,H0_s0_k2,null,0.4;0.1;0.4;0.1;0.4;0.3,Type I error,0.0004,67,1.0.0
3,0.1,0.9,0.3,0.1,0.3,10000,20470283,H0_s0_k3,null,0.4;0.1;0.4;0.1;0.4;0.1,Type I error,0,67,1.0.0
3,0.1,0.9,0.3,0.1,0.3,10000,20470283,H0_s1_k1,null,0.2;0.1;0.4;0.3;0.4;0.3,Type I error,0.0469,67,1.0.0
3,0.1,0.9,0.3,0.1,0.3,10000,20470283,H0_s1_k2,null,0.2;0.1;0.4;0.1;0.4;0.3,Type I error,0.0029,67,1.0.0
3,0.1,0.9,0.3,0.1,0.3,10000,20470283,H0_s1_k3,null,0.2;0.1;0.4;0.1;0.4;0.1,Type I error,0.0002,67,1.0.0
3,0.1,0.9,0.3,0.1,0.3,10000,20470283,H0_s2_k2,null,0.2;0.1;0.2;0.1;0.4;0.3,Type I error,0.0418,67,1.0.0
3,0.1,0.9,0.3,0.1,0.3,10000,20470283,H0_s2_k3,null,0.2;0.1;0.2;0.1;0.4;0.1,Type I error,0.0007,67,1.0.0
3,0.1,0.9,0.3,0.1,0.3,10000,20470283,H0_s3_k3,null,0.2;0.1;0.2;0.1;0.2;0.1,Type I error,0.0139,67,1.0.0
3,0.1,0.9,0.3,0.1,0.3,10000,20470283,W1,alternative,0.2;0.3;0.4;0.3;0.4;0.3,Power,0.9099,67,1.0.0
3,0.1,0.9,0.3,0.1,0.3,10000,20470283,W2,alternative,0.2;0.1;0.2;0.3;0.4;0.3,Power,0.8963,67,1.0.0
3,0.1,0.9,0.3,0.1,0.3,10000,20470283,W3,alternative,0.2;0.1;0.2;0.1;0.2;0.3,Power,0.9296,67,1.0.0
3,0.1,0.9,0.3,0.1,0.3,10000,20470283,P1,alternative,0.2;0.3;0.2;0.3;0.4;0.3,Power,0.9635,67,1.0.0
3,0.1,0.9,0.3,0.1,0.3,10000,20470283,P2,alternative,0.2;0.1;0.2;0.3;0.2;0.3,Power,0.9799,67,1.0.0
3,0.1,0.9,0.6,0.4,0,10000,20365554,H0_s0_k0,null,0.4;0.6;0.4;0.6;0.4;0.6,Type I error,0.0228,86,1.0.0
3,0.1,0.9,0.6,0.4,0,10000,20365554,H0_s0_k1,null,0.4;0.4;0.4;0.6;0.4;0.6,Type I error,0.0024,86,1.0.0
3,0.1,0.9,0.6,0.4,0,10000,20365554,H0_s0_k2,null,0.4;0.4;0.4;0.4;0.4;0.6,Type I error,0.0002,86,1.0.0
3,0.1,0.9,0.6,0.4,0,10000,20365554,H0_s0_k3,null,0.4;0.4;0.4;0.4;0.4;0.4,Type I error,0,86,1.0.0
3,0.1,0.9,0.6,0.4,0,10000,20365554,H0_s1_k1,null,0.2;0.4;0.4;0.6;0.4;0.6,Type I error,0.0595,86,1.0.0
3,0.1,0.9,0.6,0.4,0,10000,20365554,H0_s1_k2,null,0.2;0.4;0.4;0.4;0.4;0.6,Type I error,0.0056,86,1.0.0
3,0.1,0.9,0.6,0.4,0,10000,20365554,H0_s1_k3,null,0.2;0.4;0.4;0.4;0.4;0.4,Type I error,0.0003,86,1.0.0
3,0.1,0.9,0.6,0.4,0,10000,20365554,H0_s2_k2,null,0.2;0.4;0.2;0.4;0.4;0.6,Type I error,0.0622,86,1.0.0
3,0.1,0.9,0.6,0.4,0,10000,20365554,H0_s2_k3,null,0.2;0.4;0.2;0.4;0.4;0.4,Type I error,0.0052,86,1.0.0
3,0.1,0.9,0.6,0.4,0,10000,20365554,H0_s3_k3,null,0.2;0.4;0.2;0.4;0.2;0.4,Type I error,0.0399,86,1.0.0
3,0.1,0.9,0.6,0.4,0,10000,20365554,W1,alternative,0.2;0.6;0.4;0.6;0.4;0.6,Power,0.9416,86,1.0.0
3,0.1,0.9,0.6,0.4,0,10000,20365554,W2,alternative,0.2;0.4;0.2;0.6;0.4;0.6,Power,0.9033,86,1.0.0
3,0.1,0.9,0.6,0.4,0,10000,20365554,W3,alternative,0.2;0.4;0.2;0.4;0.2;0.6,Power,0.9206,86,1.0.0
3,0.1,0.9,0.6,0.4,0,10000,20365554,P1,alternative,0.2;0.6;0.2;0.6;0.4;0.6,Power,0.9752,86,1.0.0
3,0.1,0.9,0.6,0.4,0,10000,20365554,P2,alternative,0.2;0.4;0.2;0.6;0.2;0.6,Power,0.9576,86,1.0.0
3,0.1,0.9,0.6,0.4,0.3,10000,20470283,H0_s0_k0,null,0.4;0.6;0.4;0.6;0.4;0.6,Type I error,0.0214,86,1.0.0
3,0.1,0.9,0.6,0.4,0.3,10000,20470283,H0_s0_k1,null,0.4;0.4;0.4;0.6;0.4;0.6,Type I error,0.0009,86,1.0.0
3,0.1,0.9,0.6,0.4,0.3,10000,20470283,H0_s0_k2,null,0.4;0.4;0.4;0.4;0.4;0.6,Type I error,0.0001,86,1.0.0
3,0.1,0.9,0.6,0.4,0.3,10000,20470283,H0_s0_k3,null,0.4;0.4;0.4;0.4;0.4;0.4,Type I error,0,86,1.0.0
3,0.1,0.9,0.6,0.4,0.3,10000,20470283,H0_s1_k1,null,0.2;0.4;0.4;0.6;0.4;0.6,Type I error,0.064,86,1.0.0
3,0.1,0.9,0.6,0.4,0.3,10000,20470283,H0_s1_k2,null,0.2;0.4;0.4;0.4;0.4;0.6,Type I error,0.0055,86,1.0.0
3,0.1,0.9,0.6,0.4,0.3,10000,20470283,H0_s1_k3,null,0.2;0.4;0.4;0.4;0.4;0.4,Type I error,0.0004,86,1.0.0
3,0.1,0.9,0.6,0.4,0.3,10000,20470283,H0_s2_k2,null,0.2;0.4;0.2;0.4;0.4;0.6,Type I error,0.0602,86,1.0.0
3,0.1,0.9,0.6,0.4,0.3,10000,20470283,H0_s2_k3,null,0.2;0.4;0.2;0.4;0.4;0.4,Type I error,0.0042,86,1.0.0
3,0.1,0.9,0.6,0.4,0.3,10000,20470283,H0_s3_k3,null,0.2;0.4;0.2;0.4;0.2;0.4,Type I error,0.0389,86,1.0.0
3,0.1,0.9,0.6,0.4,0.3,10000,20470283,W1,alternative,0.2;0.6;0.4;0.6;0.4;0.6,Power,0.9304,86,1.0.0
3,0.1,0.9,0.6,0.4,0.3,10000,20470283,W2,alternative,0.2;0.4;0.2;0.6;0.4;0.6,Power,0.8971,86,1.0.0
3,0.1,0.9,0.6,0.4,0.3,10000,20470283,W3,alternative,0.2;0.4;0.2;0.4;0.2;0.6,Power,0.9238,86,1.0.0
3,0.1,0.9,0.6,0.4,0.3,10000,20470283,P1,alternative,0.2;0.6;0.2;0.6;0.4;0.6,Power,0.9708,86,1.0.0
3,0.1,0.9,0.6,0.4,0.3,10000,20470283,P2,alternative,0.2;0.4;0.2;0.6;0.2;0.6,Power,0.9574,86,1.0.0
4,0.05,0.8,0.3,0.1,0,10000,20365554,H0_s0_k0,null,0.4;0.3;0.4;0.3;0.4;0.3;0.4;0.3,Type I error,0.0347,52,1.0.0
4,0.05,0.8,0.3,0.1,0,10000,20365554,H0_s0_k1,null,0.4;0.1;0.4;0.3;0.4;0.3;0.4;0.3,Type I error,0.0027,52,1.0.0
4,0.05,0.8,0.3,0.1,0,10000,20365554,H0_s0_k2,null,0.4;0.1;0.4;0.1;0.4;0.3;0.4;0.3,Type I error,0.0003,52,1.0.0
4,0.05,0.8,0.3,0.1,0,10000,20365554,H0_s0_k3,null,0.4;0.1;0.4;0.1;0.4;0.1;0.4;0.3,Type I error,0.0001,52,1.0.0
4,0.05,0.8,0.3,0.1,0,10000,20365554,H0_s0_k4,null,0.4;0.1;0.4;0.1;0.4;0.1;0.4;0.1,Type I error,0,52,1.0.0
4,0.05,0.8,0.3,0.1,0,10000,20365554,H0_s1_k1,null,0.2;0.1;0.4;0.3;0.4;0.3;0.4;0.3,Type I error,0.0405,52,1.0.0
4,0.05,0.8,0.3,0.1,0,10000,20365554,H0_s1_k2,null,0.2;0.1;0.4;0.1;0.4;0.3;0.4;0.3,Type I error,0.0018,52,1.0.0
4,0.05,0.8,0.3,0.1,0,10000,20365554,H0_s1_k3,null,0.2;0.1;0.4;0.1;0.4;0.1;0.4;0.3,Type I error,0.0002,52,1.0.0
4,0.05,0.8,0.3,0.1,0,10000,20365554,H0_s1_k4,null,0.2;0.1;0.4;0.1;0.4;0.1;0.4;0.1,Type I error,0,52,1.0.0
4,0.05,0.8,0.3,0.1,0,10000,20365554,H0_s2_k2,null,0.2;0.1;0.2;0.1;0.4;0.3;0.4;0.3,Type I error,0.0375,52,1.0.0
4,0.05,0.8,0.3,0.1,0,10000,20365554,H0_s2_k3,null,0.2;0.1;0.2;0.1;0.4;0.1;0.4;0.3,Type I error,0.0025,52,1.0.0
4,0.05,0.8,0.3,0.1,0,10000,20365554,H0_s2_k4,null,0.2;0.1;0.2;0.1;0.4;0.1;0.4;0.1,Type I error,0,52,1.0.0
4,0.05,0.8,0.3,0.1,0,10000,20365554,H0_s3_k3,null,0.2;0.1;0.2;0.1;0.2;0.1;0.4;0.3,Type I error,0.0392,52,1.0.0
4,0.05,0.8,0.3,0.1,0,10000,20365554,H0_s3_k4,null,0.2;0.1;0.2;0.1;0.2;0.1;0.4;0.1,Type I error,0.0007,52,1.0.0
4,0.05,0.8,0.3,0.1,0,10000,20365554,H0_s4_k4,null,0.2;0.1;0.2;0.1;0.2;0.1;0.2;0.1,Type I error,0.0108,52,1.0.0
4,0.05,0.8,0.3,0.1,0,10000,20365554,W1,alternative,0.2;0.3;0.4;0.3;0.4;0.3;0.4;0.3,Power,0.8226,52,1.0.0
4,0.05,0.8,0.3,0.1,0,10000,20365554,W2,alternative,0.2;0.1;0.2;0.3;0.4;0.3;0.4;0.3,Power,0.8014,52,1.0.0
4,0.05,0.8,0.3,0.1,0,10000,20365554,W3,alternative,0.2;0.1;0.2;0.1;0.2;0.3;0.4;0.3,Power,0.8086,52,1.0.0
4,0.05,0.8,0.3,0.1,0,10000,20365554,W4,alternative,0.2;0.1;0.2;0.1;0.2;0.1;0.2;0.3,Power,0.8397,52,1.0.0
4,0.05,0.8,0.3,0.1,0,10000,20365554,P1,alternative,0.2;0.3;0.2;0.3;0.4;0.3;0.4;0.3,Power,0.9322,52,1.0.0
4,0.05,0.8,0.3,0.1,0,10000,20365554,P2,alternative,0.2;0.1;0.2;0.3;0.2;0.3;0.4;0.3,Power,0.9154,52,1.0.0
4,0.05,0.8,0.3,0.1,0,10000,20365554,P3,alternative,0.2;0.1;0.2;0.1;0.2;0.3;0.2;0.3,Power,0.9536,52,1.0.0
4,0.05,0.8,0.3,0.1,0.3,10000,20470283,H0_s0_k0,null,0.4;0.3;0.4;0.3;0.4;0.3;0.4;0.3,Type I error,0.0314,52,1.0.0
4,0.05,0.8,0.3,0.1,0.3,10000,20470283,H0_s0_k1,null,0.4;0.1;0.4;0.3;0.4;0.3;0.4;0.3,Type I error,0.0023,52,1.0.0
4,0.05,0.8,0.3,0.1,0.3,10000,20470283,H0_s0_k2,null,0.4;0.1;0.4;0.1;0.4;0.3;0.4;0.3,Type I error,0.0002,52,1.0.0
4,0.05,0.8,0.3,0.1,0.3,10000,20470283,H0_s0_k3,null,0.4;0.1;0.4;0.1;0.4;0.1;0.4;0.3,Type I error,0,52,1.0.0
4,0.05,0.8,0.3,0.1,0.3,10000,20470283,H0_s0_k4,null,0.4;0.1;0.4;0.1;0.4;0.1;0.4;0.1,Type I error,0,52,1.0.0
4,0.05,0.8,0.3,0.1,0.3,10000,20470283,H0_s1_k1,null,0.2;0.1;0.4;0.3;0.4;0.3;0.4;0.3,Type I error,0.041,52,1.0.0
4,0.05,0.8,0.3,0.1,0.3,10000,20470283,H0_s1_k2,null,0.2;0.1;0.4;0.1;0.4;0.3;0.4;0.3,Type I error,0.0027,52,1.0.0
4,0.05,0.8,0.3,0.1,0.3,10000,20470283,H0_s1_k3,null,0.2;0.1;0.4;0.1;0.4;0.1;0.4;0.3,Type I error,0.0005,52,1.0.0
4,0.05,0.8,0.3,0.1,0.3,10000,20470283,H0_s1_k4,null,0.2;0.1;0.4;0.1;0.4;0.1;0.4;0.1,Type I error,0,52,1.0.0
4,0.05,0.8,0.3,0.1,0.3,10000,20470283,H0_s2_k2,null,0.2;0.1;0.2;0.1;0.4;0.3;0.4;0.3,Type I error,0.0416,52,1.0.0
4,0.05,0.8,0.3,0.1,0.3,10000,20470283,H0_s2_k3,null,0.2;0.1;0.2;0.1;0.4;0.1;0.4;0.3,Type I error,0.0028,52,1.0.0
4,0.05,0.8,0.3,0.1,0.3,10000,20470283,H0_s2_k4,null,0.2;0.1;0.2;0.1;0.4;0.1;0.4;0.1,Type I error,0,52,1.0.0
4,0.05,0.8,0.3,0.1,0.3,10000,20470283,H0_s3_k3,null,0.2;0.1;0.2;0.1;0.2;0.1;0.4;0.3,Type I error,0.0416,52,1.0.0
4,0.05,0.8,0.3,0.1,0.3,10000,20470283,H0_s3_k4,null,0.2;0.1;0.2;0.1;0.2;0.1;0.4;0.1,Type I error,0.0006,52,1.0.0
4,0.05,0.8,0.3,0.1,0.3,10000,20470283,H0_s4_k4,null,0.2;0.1;0.2;0.1;0.2;0.1;0.2;0.1,Type I error,0.0101,52,1.0.0
4,0.05,0.8,0.3,0.1,0.3,10000,20470283,W1,alternative,0.2;0.3;0.4;0.3;0.4;0.3;0.4;0.3,Power,0.8228,52,1.0.0
4,0.05,0.8,0.3,0.1,0.3,10000,20470283,W2,alternative,0.2;0.1;0.2;0.3;0.4;0.3;0.4;0.3,Power,0.7951,52,1.0.0
4,0.05,0.8,0.3,0.1,0.3,10000,20470283,W3,alternative,0.2;0.1;0.2;0.1;0.2;0.3;0.4;0.3,Power,0.7979,52,1.0.0
4,0.05,0.8,0.3,0.1,0.3,10000,20470283,W4,alternative,0.2;0.1;0.2;0.1;0.2;0.1;0.2;0.3,Power,0.833,52,1.0.0
4,0.05,0.8,0.3,0.1,0.3,10000,20470283,P1,alternative,0.2;0.3;0.2;0.3;0.4;0.3;0.4;0.3,Power,0.9267,52,1.0.0
4,0.05,0.8,0.3,0.1,0.3,10000,20470283,P2,alternative,0.2;0.1;0.2;0.3;0.2;0.3;0.4;0.3,Power,0.915,52,1.0.0
4,0.05,0.8,0.3,0.1,0.3,10000,20470283,P3,alternative,0.2;0.1;0.2;0.1;0.2;0.3;0.2;0.3,Power,0.9493,52,1.0.0
4,0.05,0.8,0.6,0.4,0,10000,20365554,H0_s0_k0,null,0.4;0.6;0.4;0.6;0.4;0.6;0.4;0.6,Type I error,0.0245,65,1.0.0
4,0.05,0.8,0.6,0.4,0,10000,20365554,H0_s0_k1,null,0.4;0.4;0.4;0.6;0.4;0.6;0.4;0.6,Type I error,0.0019,65,1.0.0
4,0.05,0.8,0.6,0.4,0,10000,20365554,H0_s0_k2,null,0.4;0.4;0.4;0.4;0.4;0.6;0.4;0.6,Type I error,0.0001,65,1.0.0
4,0.05,0.8,0.6,0.4,0,10000,20365554,H0_s0_k3,null,0.4;0.4;0.4;0.4;0.4;0.4;0.4;0.6,Type I error,0,65,1.0.0
4,0.05,0.8,0.6,0.4,0,10000,20365554,H0_s0_k4,null,0.4;0.4;0.4;0.4;0.4;0.4;0.4;0.4,Type I error,0,65,1.0.0
4,0.05,0.8,0.6,0.4,0,10000,20365554,H0_s1_k1,null,0.2;0.4;0.4;0.6;0.4;0.6;0.4;0.6,Type I error,0.0482,65,1.0.0
4,0.05,0.8,0.6,0.4,0,10000,20365554,H0_s1_k2,null,0.2;0.4;0.4;0.4;0.4;0.6;0.4;0.6,Type I error,0.0035,65,1.0.0
4,0.05,0.8,0.6,0.4,0,10000,20365554,H0_s1_k3,null,0.2;0.4;0.4;0.4;0.4;0.4;0.4;0.6,Type I error,0.0002,65,1.0.0
4,0.05,0.8,0.6,0.4,0,10000,20365554,H0_s1_k4,null,0.2;0.4;0.4;0.4;0.4;0.4;0.4;0.4,Type I error,0,65,1.0.0
4,0.05,0.8,0.6,0.4,0,10000,20365554,H0_s2_k2,null,0.2;0.4;0.2;0.4;0.4;0.6;0.4;0.6,Type I error,0.0464,65,1.0.0
4,0.05,0.8,0.6,0.4,0,10000,20365554,H0_s2_k3,null,0.2;0.4;0.2;0.4;0.4;0.4;0.4;0.6,Type I error,0.0044,65,1.0.0
4,0.05,0.8,0.6,0.4,0,10000,20365554,H0_s2_k4,null,0.2;0.4;0.2;0.4;0.4;0.4;0.4;0.4,Type I error,0.0001,65,1.0.0
4,0.05,0.8,0.6,0.4,0,10000,20365554,H0_s3_k3,null,0.2;0.4;0.2;0.4;0.2;0.4;0.4;0.6,Type I error,0.0496,65,1.0.0
4,0.05,0.8,0.6,0.4,0,10000,20365554,H0_s3_k4,null,0.2;0.4;0.2;0.4;0.2;0.4;0.4;0.4,Type I error,0.0022,65,1.0.0
4,0.05,0.8,0.6,0.4,0,10000,20365554,H0_s4_k4,null,0.2;0.4;0.2;0.4;0.2;0.4;0.2;0.4,Type I error,0.0278,65,1.0.0
4,0.05,0.8,0.6,0.4,0,10000,20365554,W1,alternative,0.2;0.6;0.4;0.6;0.4;0.6;0.4;0.6,Power,0.8337,65,1.0.0
4,0.05,0.8,0.6,0.4,0,10000,20365554,W2,alternative,0.2;0.4;0.2;0.6;0.4;0.6;0.4;0.6,Power,0.8027,65,1.0.0
4,0.05,0.8,0.6,0.4,0,10000,20365554,W3,alternative,0.2;0.4;0.2;0.4;0.2;0.6;0.4;0.6,Power,0.8026,65,1.0.0
4,0.05,0.8,0.6,0.4,0,10000,20365554,W4,alternative,0.2;0.4;0.2;0.4;0.2;0.4;0.2;0.6,Power,0.8415,65,1.0.0
4,0.05,0.8,0.6,0.4,0,10000,20365554,P1,alternative,0.2;0.6;0.2;0.6;0.4;0.6;0.4;0.6,Power,0.9366,65,1.0.0
4,0.05,0.8,0.6,0.4,0,10000,20365554,P2,alternative,0.2;0.4;0.2;0.6;0.2;0.6;0.4;0.6,Power,0.9072,65,1.0.0
4,0.05,0.8,0.6,0.4,0,10000,20365554,P3,alternative,0.2;0.4;0.2;0.4;0.2;0.6;0.2;0.6,Power,0.9414,65,1.0.0
4,0.05,0.8,0.6,0.4,0.3,10000,20470283,H0_s0_k0,null,0.4;0.6;0.4;0.6;0.4;0.6;0.4;0.6,Type I error,0.0205,65,1.0.0
4,0.05,0.8,0.6,0.4,0.3,10000,20470283,H0_s0_k1,null,0.4;0.4;0.4;0.6;0.4;0.6;0.4;0.6,Type I error,0.0015,65,1.0.0
4,0.05,0.8,0.6,0.4,0.3,10000,20470283,H0_s0_k2,null,0.4;0.4;0.4;0.4;0.4;0.6;0.4;0.6,Type I error,0.0002,65,1.0.0
4,0.05,0.8,0.6,0.4,0.3,10000,20470283,H0_s0_k3,null,0.4;0.4;0.4;0.4;0.4;0.4;0.4;0.6,Type I error,0,65,1.0.0
4,0.05,0.8,0.6,0.4,0.3,10000,20470283,H0_s0_k4,null,0.4;0.4;0.4;0.4;0.4;0.4;0.4;0.4,Type I error,0,65,1.0.0
4,0.05,0.8,0.6,0.4,0.3,10000,20470283,H0_s1_k1,null,0.2;0.4;0.4;0.6;0.4;0.6;0.4;0.6,Type I error,0.0485,65,1.0.0
4,0.05,0.8,0.6,0.4,0.3,10000,20470283,H0_s1_k2,null,0.2;0.4;0.4;0.4;0.4;0.6;0.4;0.6,Type I error,0.0019,65,1.0.0
4,0.05,0.8,0.6,0.4,0.3,10000,20470283,H0_s1_k3,null,0.2;0.4;0.4;0.4;0.4;0.4;0.4;0.6,Type I error,0.0001,65,1.0.0
4,0.05,0.8,0.6,0.4,0.3,10000,20470283,H0_s1_k4,null,0.2;0.4;0.4;0.4;0.4;0.4;0.4;0.4,Type I error,0,65,1.0.0
4,0.05,0.8,0.6,0.4,0.3,10000,20470283,H0_s2_k2,null,0.2;0.4;0.2;0.4;0.4;0.6;0.4;0.6,Type I error,0.0479,65,1.0.0
4,0.05,0.8,0.6,0.4,0.3,10000,20470283,H0_s2_k3,null,0.2;0.4;0.2;0.4;0.4;0.4;0.4;0.6,Type I error,0.0024,65,1.0.0
4,0.05,0.8,0.6,0.4,0.3,10000,20470283,H0_s2_k4,null,0.2;0.4;0.2;0.4;0.4;0.4;0.4;0.4,Type I error,0.0001,65,1.0.0
4,0.05,0.8,0.6,0.4,0.3,10000,20470283,H0_s3_k3,null,0.2;0.4;0.2;0.4;0.2;0.4;0.4;0.6,Type I error,0.0486,65,1.0.0
4,0.05,0.8,0.6,0.4,0.3,10000,20470283,H0_s3_k4,null,0.2;0.4;0.2;0.4;0.2;0.4;0.4;0.4,Type I error,0.0016,65,1.0.0
4,0.05,0.8,0.6,0.4,0.3,10000,20470283,H0_s4_k4,null,0.2;0.4;0.2;0.4;0.2;0.4;0.2;0.4,Type I error,0.0284,65,1.0.0
4,0.05,0.8,0.6,0.4,0.3,10000,20470283,W1,alternative,0.2;0.6;0.4;0.6;0.4;0.6;0.4;0.6,Power,0.8345,65,1.0.0
4,0.05,0.8,0.6,0.4,0.3,10000,20470283,W2,alternative,0.2;0.4;0.2;0.6;0.4;0.6;0.4;0.6,Power,0.8019,65,1.0.0
4,0.05,0.8,0.6,0.4,0.3,10000,20470283,W3,alternative,0.2;0.4;0.2;0.4;0.2;0.6;0.4;0.6,Power,0.8031,65,1.0.0
4,0.05,0.8,0.6,0.4,0.3,10000,20470283,W4,alternative,0.2;0.4;0.2;0.4;0.2;0.4;0.2;0.6,Power,0.8419,65,1.0.0
4,0.05,0.8,0.6,0.4,0.3,10000,20470283,P1,alternative,0.2;0.6;0.2;0.6;0.4;0.6;0.4;0.6,Power,0.9408,65,1.0.0
4,0.05,0.8,0.6,0.4,0.3,10000,20470283,P2,alternative,0.2;0.4;0.2;0.6;0.2;0.6;0.4;0.6,Power,0.9099,65,1.0.0
4,0.05,0.8,0.6,0.4,0.3,10000,20470283,P3,alternative,0.2;0.4;0.2;0.4;0.2;0.6;0.2;0.6,Power,0.9394,65,1.0.0
4,0.05,0.9,0.3,0.1,0,10000,20365554,H0_s0_k0,null,0.4;0.3;0.4;0.3;0.4;0.3;0.4;0.3,Type I error,0.0369,69,1.0.0
4,0.05,0.9,0.3,0.1,0,10000,20365554,H0_s0_k1,null,0.4;0.1;0.4;0.3;0.4;0.3;0.4;0.3,Type I error,0.0032,69,1.0.0
4,0.05,0.9,0.3,0.1,0,10000,20365554,H0_s0_k2,null,0.4;0.1;0.4;0.1;0.4;0.3;0.4;0.3,Type I error,0.0003,69,1.0.0
4,0.05,0.9,0.3,0.1,0,10000,20365554,H0_s0_k3,null,0.4;0.1;0.4;0.1;0.4;0.1;0.4;0.3,Type I error,0,69,1.0.0
4,0.05,0.9,0.3,0.1,0,10000,20365554,H0_s0_k4,null,0.4;0.1;0.4;0.1;0.4;0.1;0.4;0.1,Type I error,0,69,1.0.0
4,0.05,0.9,0.3,0.1,0,10000,20365554,H0_s1_k1,null,0.2;0.1;0.4;0.3;0.4;0.3;0.4;0.3,Type I error,0.0448,69,1.0.0
4,0.05,0.9,0.3,0.1,0,10000,20365554,H0_s1_k2,null,0.2;0.1;0.4;0.1;0.4;0.3;0.4;0.3,Type I error,0.0038,69,1.0.0
4,0.05,0.9,0.3,0.1,0,10000,20365554,H0_s1_k3,null,0.2;0.1;0.4;0.1;0.4;0.1;0.4;0.3,Type I error,0.0004,69,1.0.0
4,0.05,0.9,0.3,0.1,0,10000,20365554,H0_s1_k4,null,0.2;0.1;0.4;0.1;0.4;0.1;0.4;0.1,Type I error,0,69,1.0.0
4,0.05,0.9,0.3,0.1,0,10000,20365554,H0_s2_k2,null,0.2;0.1;0.2;0.1;0.4;0.3;0.4;0.3,Type I error,0.0447,69,1.0.0
4,0.05,0.9,0.3,0.1,0,10000,20365554,H0_s2_k3,null,0.2;0.1;0.2;0.1;0.4;0.1;0.4;0.3,Type I error,0.0037,69,1.0.0
4,0.05,0.9,0.3,0.1,0,10000,20365554,H0_s2_k4,null,0.2;0.1;0.2;0.1;0.4;0.1;0.4;0.1,Type I error,0,69,1.0.0
4,0.05,0.9,0.3,0.1,0,10000,20365554,H0_s3_k3,null,0.2;0.1;0.2;0.1;0.2;0.1;0.4;0.3,Type I error,0.0426,69,1.0.0
4,0.05,0.9,0.3,0.1,0,10000,20365554,H0_s3_k4,null,0.2;0.1;0.2;0.1;0.2;0.1;0.4;0.1,Type I error,0.0002,69,1.0.0
4,0.05,0.9,0.3,0.1,0,10000,20365554,H0_s4_k4,null,0.2;0.1;0.2;0.1;0.2;0.1;0.2;0.1,Type I error,0.0072,69,1.0.0
4,0.05,0.9,0.3,0.1,0,10000,20365554,W1,alternative,0.2;0.3;0.4;0.3;0.4;0.3;0.4;0.3,Power,0.91,69,1.0.0
4,0.05,0.9,0.3,0.1,0,10000,20365554,W2,alternative,0.2;0.1;0.2;0.3;0.4;0.3;0.4;0.3,Power,0.9018,69,1.0.0
4,0.05,0.9,0.3,0.1,0,10000,20365554,W3,alternative,0.2;0.1;0.2;0.1;0.2;0.3;0.4;0.3,Power,0.8996,69,1.0.0
4,0.05,0.9,0.3,0.1,0,10000,20365554,W4,alternative,0.2;0.1;0.2;0.1;0.2;0.1;0.2;0.3,Power,0.9426,69,1.0.0
4,0.05,0.9,0.3,0.1,0,10000,20365554,P1,alternative,0.2;0.3;0.2;0.3;0.4;0.3;0.4;0.3,Power,0.9568,69,1.0.0
4,0.05,0.9,0.3,0.1,0,10000,20365554,P2,alternative,0.2;0.1;0.2;0.3;0.2;0.3;0.4;0.3,Power,0.9483,69,1.0.0
4,0.05,0.9,0.3,0.1,0,10000,20365554,P3,alternative,0.2;0.1;0.2;0.1;0.2;0.3;0.2;0.3,Power,0.9846,69,1.0.0
4,0.05,0.9,0.3,0.1,0.3,10000,20470283,H0_s0_k0,null,0.4;0.3;0.4;0.3;0.4;0.3;0.4;0.3,Type I error,0.0372,69,1.0.0
4,0.05,0.9,0.3,0.1,0.3,10000,20470283,H0_s0_k1,null,0.4;0.1;0.4;0.3;0.4;0.3;0.4;0.3,Type I error,0.0036,69,1.0.0
4,0.05,0.9,0.3,0.1,0.3,10000,20470283,H0_s0_k2,null,0.4;0.1;0.4;0.1;0.4;0.3;0.4;0.3,Type I error,0.0004,69,1.0.0
4,0.05,0.9,0.3,0.1,0.3,10000,20470283,H0_s0_k3,null,0.4;0.1;0.4;0.1;0.4;0.1;0.4;0.3,Type I error,0.0001,69,1.0.0
4,0.05,0.9,0.3,0.1,0.3,10000,20470283,H0_s0_k4,null,0.4;0.1;0.4;0.1;0.4;0.1;0.4;0.1,Type I error,0,69,1.0.0
4,0.05,0.9,0.3,0.1,0.3,10000,20470283,H0_s1_k1,null,0.2;0.1;0.4;0.3;0.4;0.3;0.4;0.3,Type I error,0.0479,69,1.0.0
4,0.05,0.9,0.3,0.1,0.3,10000,20470283,H0_s1_k2,null,0.2;0.1;0.4;0.1;0.4;0.3;0.4;0.3,Type I error,0.004,69,1.0.0
4,0.05,0.9,0.3,0.1,0.3,10000,20470283,H0_s1_k3,null,0.2;0.1;0.4;0.1;0.4;0.1;0.4;0.3,Type I error,0.0003,69,1.0.0
4,0.05,0.9,0.3,0.1,0.3,10000,20470283,H0_s1_k4,null,0.2;0.1;0.4;0.1;0.4;0.1;0.4;0.1,Type I error,0,69,1.0.0
4,0.05,0.9,0.3,0.1,0.3,10000,20470283,H0_s2_k2,null,0.2;0.1;0.2;0.1;0.4;0.3;0.4;0.3,Type I error,0.0444,69,1.0.0
4,0.05,0.9,0.3,0.1,0.3,10000,20470283,H0_s2_k3,null,0.2;0.1;0.2;0.1;0.4;0.1;0.4;0.3,Type I error,0.003,69,1.0.0
4,0.05,0.9,0.3,0.1,0.3,10000,20470283,H0_s2_k4,null,0.2;0.1;0.2;0.1;0.4;0.1;0.4;0.1,Type I error,0,69,1.0.0
4,0.05,0.9,0.3,0.1,0.3,10000,20470283,H0_s3_k3,null,0.2;0.1;0.2;0.1;0.2;0.1;0.4;0.3,Type I error,0.0412,69,1.0.0
4,0.05,0.9,0.3,0.1,0.3,10000,20470283,H0_s3_k4,null,0.2;0.1;0.2;0.1;0.2;0.1;0.4;0.1,Type I error,0.0004,69,1.0.0
4,0.05,0.9,0.3,0.1,0.3,10000,20470283,H0_s4_k4,null,0.2;0.1;0.2;0.1;0.2;0.1;0.2;0.1,Type I error,0.0076,69,1.0.0
4,0.05,0.9,0.3,0.1,0.3,10000,20470283,W1,alternative,0.2;0.3;0.4;0.3;0.4;0.3;0.4;0.3,Power,0.9059,69,1.0.0
4,0.05,0.9,0.3,0.1,0.3,10000,20470283,W2,alternative,0.2;0.1;0.2;0.3;0.4;0.3;0.4;0.3,Power,0.8975,69,1.0.0
4,0.05,0.9,0.3,0.1,0.3,10000,20470283,W3,alternative,0.2;0.1;0.2;0.1;0.2;0.3;0.4;0.3,Power,0.8989,69,1.0.0
4,0.05,0.9,0.3,0.1,0.3,10000,20470283,W4,alternative,0.2;0.1;0.2;0.1;0.2;0.1;0.2;0.3,Power,0.9405,69,1.0.0
4,0.05,0.9,0.3,0.1,0.3,10000,20470283,P1,alternative,0.2;0.3;0.2;0.3;0.4;0.3;0.4;0.3,Power,0.9548,69,1.0.0
4,0.05,0.9,0.3,0.1,0.3,10000,20470283,P2,alternative,0.2;0.1;0.2;0.3;0.2;0.3;0.4;0.3,Power,0.9508,69,1.0.0
4,0.05,0.9,0.3,0.1,0.3,10000,20470283,P3,alternative,0.2;0.1;0.2;0.1;0.2;0.3;0.2;0.3,Power,0.9863,69,1.0.0
4,0.05,0.9,0.6,0.4,0,10000,20365554,H0_s0_k0,null,0.4;0.6;0.4;0.6;0.4;0.6;0.4;0.6,Type I error,0.0182,87,1.0.0
4,0.05,0.9,0.6,0.4,0,10000,20365554,H0_s0_k1,null,0.4;0.4;0.4;0.6;0.4;0.6;0.4;0.6,Type I error,0.0014,87,1.0.0
4,0.05,0.9,0.6,0.4,0,10000,20365554,H0_s0_k2,null,0.4;0.4;0.4;0.4;0.4;0.6;0.4;0.6,Type I error,0,87,1.0.0
4,0.05,0.9,0.6,0.4,0,10000,20365554,H0_s0_k3,null,0.4;0.4;0.4;0.4;0.4;0.4;0.4;0.6,Type I error,0,87,1.0.0
4,0.05,0.9,0.6,0.4,0,10000,20365554,H0_s0_k4,null,0.4;0.4;0.4;0.4;0.4;0.4;0.4;0.4,Type I error,0,87,1.0.0
4,0.05,0.9,0.6,0.4,0,10000,20365554,H0_s1_k1,null,0.2;0.4;0.4;0.6;0.4;0.6;0.4;0.6,Type I error,0.0446,87,1.0.0
4,0.05,0.9,0.6,0.4,0,10000,20365554,H0_s1_k2,null,0.2;0.4;0.4;0.4;0.4;0.6;0.4;0.6,Type I error,0.0028,87,1.0.0
4,0.05,0.9,0.6,0.4,0,10000,20365554,H0_s1_k3,null,0.2;0.4;0.4;0.4;0.4;0.4;0.4;0.6,Type I error,0,87,1.0.0
4,0.05,0.9,0.6,0.4,0,10000,20365554,H0_s1_k4,null,0.2;0.4;0.4;0.4;0.4;0.4;0.4;0.4,Type I error,0,87,1.0.0
4,0.05,0.9,0.6,0.4,0,10000,20365554,H0_s2_k2,null,0.2;0.4;0.2;0.4;0.4;0.6;0.4;0.6,Type I error,0.049,87,1.0.0
4,0.05,0.9,0.6,0.4,0,10000,20365554,H0_s2_k3,null,0.2;0.4;0.2;0.4;0.4;0.4;0.4;0.6,Type I error,0.0031,87,1.0.0
4,0.05,0.9,0.6,0.4,0,10000,20365554,H0_s2_k4,null,0.2;0.4;0.2;0.4;0.4;0.4;0.4;0.4,Type I error,0.0001,87,1.0.0
4,0.05,0.9,0.6,0.4,0,10000,20365554,H0_s3_k3,null,0.2;0.4;0.2;0.4;0.2;0.4;0.4;0.6,Type I error,0.046,87,1.0.0
4,0.05,0.9,0.6,0.4,0,10000,20365554,H0_s3_k4,null,0.2;0.4;0.2;0.4;0.2;0.4;0.4;0.4,Type I error,0.0024,87,1.0.0
4,0.05,0.9,0.6,0.4,0,10000,20365554,H0_s4_k4,null,0.2;0.4;0.2;0.4;0.2;0.4;0.2;0.4,Type I error,0.0306,87,1.0.0
4,0.05,0.9,0.6,0.4,0,10000,20365554,W1,alternative,0.2;0.6;0.4;0.6;0.4;0.6;0.4;0.6,Power,0.9379,87,1.0.0
4,0.05,0.9,0.6,0.4,0,10000,20365554,W2,alternative,0.2;0.4;0.2;0.6;0.4;0.6;0.4;0.6,Power,0.9031,87,1.0.0
4,0.05,0.9,0.6,0.4,0,10000,20365554,W3,alternative,0.2;0.4;0.2;0.4;0.2;0.6;0.4;0.6,Power,0.9022,87,1.0.0
4,0.05,0.9,0.6,0.4,0,10000,20365554,W4,alternative,0.2;0.4;0.2;0.4;0.2;0.4;0.2;0.6,Power,0.9194,87,1.0.0
4,0.05,0.9,0.6,0.4,0,10000,20365554,P1,alternative,0.2;0.6;0.2;0.6;0.4;0.6;0.4;0.6,Power,0.9753,87,1.0.0
4,0.05,0.9,0.6,0.4,0,10000,20365554,P2,alternative,0.2;0.4;0.2;0.6;0.2;0.6;0.4;0.6,Power,0.9476,87,1.0.0
4,0.05,0.9,0.6,0.4,0,10000,20365554,P3,alternative,0.2;0.4;0.2;0.4;0.2;0.6;0.2;0.6,Power,0.963,87,1.0.0
4,0.05,0.9,0.6,0.4,0.3,10000,20470283,H0_s0_k0,null,0.4;0.6;0.4;0.6;0.4;0.6;0.4;0.6,Type I error,0.0181,87,1.0.0
4,0.05,0.9,0.6,0.4,0.3,10000,20470283,H0_s0_k1,null,0.4;0.4;0.4;0.6;0.4;0.6;0.4;0.6,Type I error,0.0006,87,1.0.0
4,0.05,0.9,0.6,0.4,0.3,10000,20470283,H0_s0_k2,null,0.4;0.4;0.4;0.4;0.4;0.6;0.4;0.6,Type I error,0,87,1.0.0
4,0.05,0.9,0.6,0.4,0.3,10000,20470283,H0_s0_k3,null,0.4;0.4;0.4;0.4;0.4;0.4;0.4;0.6,Type I error,0,87,1.0.0
4,0.05,0.9,0.6,0.4,0.3,10000,20470283,H0_s0_k4,null,0.4;0.4;0.4;0.4;0.4;0.4;0.4;0.4,Type I error,0,87,1.0.0
4,0.05,0.9,0.6,0.4,0.3,10000,20470283,H0_s1_k1,null,0.2;0.4;0.4;0.6;0.4;0.6;0.4;0.6,Type I error,0.0503,87,1.0.0
4,0.05,0.9,0.6,0.4,0.3,10000,20470283,H0_s1_k2,null,0.2;0.4;0.4;0.4;0.4;0.6;0.4;0.6,Type I error,0.0028,87,1.0.0
4,0.05,0.9,0.6,0.4,0.3,10000,20470283,H0_s1_k3,null,0.2;0.4;0.4;0.4;0.4;0.4;0.4;0.6,Type I error,0.0004,87,1.0.0
4,0.05,0.9,0.6,0.4,0.3,10000,20470283,H0_s1_k4,null,0.2;0.4;0.4;0.4;0.4;0.4;0.4;0.4,Type I error,0,87,1.0.0
4,0.05,0.9,0.6,0.4,0.3,10000,20470283,H0_s2_k2,null,0.2;0.4;0.2;0.4;0.4;0.6;0.4;0.6,Type I error,0.0443,87,1.0.0
4,0.05,0.9,0.6,0.4,0.3,10000,20470283,H0_s2_k3,null,0.2;0.4;0.2;0.4;0.4;0.4;0.4;0.6,Type I error,0.0027,87,1.0.0
4,0.05,0.9,0.6,0.4,0.3,10000,20470283,H0_s2_k4,null,0.2;0.4;0.2;0.4;0.4;0.4;0.4;0.4,Type I error,0,87,1.0.0
4,0.05,0.9,0.6,0.4,0.3,10000,20470283,H0_s3_k3,null,0.2;0.4;0.2;0.4;0.2;0.4;0.4;0.6,Type I error,0.0453,87,1.0.0
4,0.05,0.9,0.6,0.4,0.3,10000,20470283,H0_s3_k4,null,0.2;0.4;0.2;0.4;0.2;0.4;0.4;0.4,Type I error,0.0027,87,1.0.0
4,0.05,0.9,0.6,0.4,0.3,10000,20470283,H0_s4_k4,null,0.2;0.4;0.2;0.4;0.2;0.4;0.2;0.4,Type I error,0.0327,87,1.0.0
4,0.05,0.9,0.6,0.4,0.3,10000,20470283,W1,alternative,0.2;0.6;0.4;0.6;0.4;0.6;0.4;0.6,Power,0.9255,87,1.0.0
4,0.05,0.9,0.6,0.4,0.3,10000,20470283,W2,alternative,0.2;0.4;0.2;0.6;0.4;0.6;0.4;0.6,Power,0.9004,87,1.0.0
4,0.05,0.9,0.6,0.4,0.3,10000,20470283,W3,alternative,0.2;0.4;0.2;0.4;0.2;0.6;0.4;0.6,Power,0.9058,87,1.0.0
4,0.05,0.9,0.6,0.4,0.3,10000,20470283,W4,alternative,0.2;0.4;0.2;0.4;0.2;0.4;0.2;0.6,Power,0.9246,87,1.0.0
4,0.05,0.9,0.6,0.4,0.3,10000,20470283,P1,alternative,0.2;0.6;0.2;0.6;0.4;0.6;0.4;0.6,Power,0.9741,87,1.0.0
4,0.05,0.9,0.6,0.4,0.3,10000,20470283,P2,alternative,0.2;0.4;0.2;0.6;0.2;0.6;0.4;0.6,Power,0.9477,87,1.0.0
4,0.05,0.9,0.6,0.4,0.3,10000,20470283,P3,alternative,0.2;0.4;0.2;0.4;0.2;0.6;0.2;0.6,Power,0.9693,87,1.0.0
4,0.1,0.8,0.3,0.1,0,10000,20365554,H0_s0_k0,null,0.4;0.3;0.4;0.3;0.4;0.3;0.4;0.3,Type I error,0.067,49,1.0.0
4,0.1,0.8,0.3,0.1,0,10000,20365554,H0_s0_k1,null,0.4;0.1;0.4;0.3;0.4;0.3;0.4;0.3,Type I error,0.0087,49,1.0.0
4,0.1,0.8,0.3,0.1,0,10000,20365554,H0_s0_k2,null,0.4;0.1;0.4;0.1;0.4;0.3;0.4;0.3,Type I error,0.0017,49,1.0.0
4,0.1,0.8,0.3,0.1,0,10000,20365554,H0_s0_k3,null,0.4;0.1;0.4;0.1;0.4;0.1;0.4;0.3,Type I error,0.0003,49,1.0.0
4,0.1,0.8,0.3,0.1,0,10000,20365554,H0_s0_k4,null,0.4;0.1;0.4;0.1;0.4;0.1;0.4;0.1,Type I error,0,49,1.0.0
4,0.1,0.8,0.3,0.1,0,10000,20365554,H0_s1_k1,null,0.2;0.1;0.4;0.3;0.4;0.3;0.4;0.3,Type I error,0.0752,49,1.0.0
4,0.1,0.8,0.3,0.1,0,10000,20365554,H0_s1_k2,null,0.2;0.1;0.4;0.1;0.4;0.3;0.4;0.3,Type I error,0.009,49,1.0.0
4,0.1,0.8,0.3,0.1,0,10000,20365554,H0_s1_k3,null,0.2;0.1;0.4;0.1;0.4;0.1;0.4;0.3,Type I error,0.0012,49,1.0.0
4,0.1,0.8,0.3,0.1,0,10000,20365554,H0_s1_k4,null,0.2;0.1;0.4;0.1;0.4;0.1;0.4;0.1,Type I error,0,49,1.0.0
4,0.1,0.8,0.3,0.1,0,10000,20365554,H0_s2_k2,null,0.2;0.1;0.2;0.1;0.4;0.3;0.4;0.3,Type I error,0.0798,49,1.0.0
4,0.1,0.8,0.3,0.1,0,10000,20365554,H0_s2_k3,null,0.2;0.1;0.2;0.1;0.4;0.1;0.4;0.3,Type I error,0.0079,49,1.0.0
4,0.1,0.8,0.3,0.1,0,10000,20365554,H0_s2_k4,null,0.2;0.1;0.2;0.1;0.4;0.1;0.4;0.1,Type I error,0.0003,49,1.0.0
4,0.1,0.8,0.3,0.1,0,10000,20365554,H0_s3_k3,null,0.2;0.1;0.2;0.1;0.2;0.1;0.4;0.3,Type I error,0.0777,49,1.0.0
4,0.1,0.8,0.3,0.1,0,10000,20365554,H0_s3_k4,null,0.2;0.1;0.2;0.1;0.2;0.1;0.4;0.1,Type I error,0.0024,49,1.0.0
4,0.1,0.8,0.3,0.1,0,10000,20365554,H0_s4_k4,null,0.2;0.1;0.2;0.1;0.2;0.1;0.2;0.1,Type I error,0.0194,49,1.0.0
4,0.1,0.8,0.3,0.1,0,10000,20365554,W1,alternative,0.2;0.3;0.4;0.3;0.4;0.3;0.4;0.3,Power,0.8327,49,1.0.0
4,0.1,0.8,0.3,0.1,0,10000,20365554,W2,alternative,0.2;0.1;0.2;0.3;0.4;0.3;0.4;0.3,Power,0.8081,49,1.0.0
4,0.1,0.8,0.3,0.1,0,10000,20365554,W3,alternative,0.2;0.1;0.2;0.1;0.2;0.3;0.4;0.3,Power,0.8211,49,1.0.0
4,0.1,0.8,0.3,0.1,0,10000,20365554,W4,alternative,0.2;0.1;0.2;0.1;0.2;0.1;0.2;0.3,Power,0.8747,49,1.0.0
4,0.1,0.8,0.3,0.1,0,10000,20365554,P1,alternative,0.2;0.3;0.2;0.3;0.4;0.3;0.4;0.3,Power,0.9132,49,1.0.0
4,0.1,0.8,0.3,0.1,0,10000,20365554,P2,alternative,0.2;0.1;0.2;0.3;0.2;0.3;0.4;0.3,Power,0.901,49,1.0.0
4,0.1,0.8,0.3,0.1,0,10000,20365554,P3,alternative,0.2;0.1;0.2;0.1;0.2;0.3;0.2;0.3,Power,0.9601,49,1.0.0
4,0.1,0.8,0.3,0.1,0.3,10000,20470283,H0_s0_k0,null,0.4;0.3;0.4;0.3;0.4;0.3;0.4;0.3,Type I error,0.066,49,1.0.0
4,0.1,0.8,0.3,0.1,0.3,10000,20470283,H0_s0_k1,null,0.4;0.1;0.4;0.3;0.4;0.3;0.4;0.3,Type I error,0.0089,49,1.0.0
4,0.1,0.8,0.3,0.1,0.3,10000,20470283,H0_s0_k2,null,0.4;0.1;0.4;0.1;0.4;0.3;0.4;0.3,Type I error,0.0009,49,1.0.0
4,0.1,0.8,0.3,0.1,0.3,10000,20470283,H0_s0_k3,null,0.4;0.1;0.4;0.1;0.4;0.1;0.4;0.3,Type I error,0.0002,49,1.0.0
4,0.1,0.8,0.3,0.1,0.3,10000,20470283,H0_s0_k4,null,0.4;0.1;0.4;0.1;0.4;0.1;0.4;0.1,Type I error,0,49,1.0.0
4,0.1,0.8,0.3,0.1,0.3,10000,20470283,H0_s1_k1,null,0.2;0.1;0.4;0.3;0.4;0.3;0.4;0.3,Type I error,0.0805,49,1.0.0
4,0.1,0.8,0.3,0.1,0.3,10000,20470283,H0_s1_k2,null,0.2;0.1;0.4;0.1;0.4;0.3;0.4;0.3,Type I error,0.0103,49,1.0.0
4,0.1,0.8,0.3,0.1,0.3,10000,20470283,H0_s1_k3,null,0.2;0.1;0.4;0.1;0.4;0.1;0.4;0.3,Type I error,0.0009,49,1.0.0
4,0.1,0.8,0.3,0.1,0.3,10000,20470283,H0_s1_k4,null,0.2;0.1;0.4;0.1;0.4;0.1;0.4;0.1,Type I error,0,49,1.0.0
4,0.1,0.8,0.3,0.1,0.3,10000,20470283,H0_s2_k2,null,0.2;0.1;0.2;0.1;0.4;0.3;0.4;0.3,Type I error,0.0862,49,1.0.0
4,0.1,0.8,0.3,0.1,0.3,10000,20470283,H0_s2_k3,null,0.2;0.1;0.2;0.1;0.4;0.1;0.4;0.3,Type I error,0.0082,49,1.0.0
4,0.1,0.8,0.3,0.1,0.3,10000,20470283,H0_s2_k4,null,0.2;0.1;0.2;0.1;0.4;0.1;0.4;0.1,Type I error,0.0001,49,1.0.0
4,0.1,0.8,0.3,0.1,0.3,10000,20470283,H0_s3_k3,null,0.2;0.1;0.2;0.1;0.2;0.1;0.4;0.3,Type I error,0.0774,49,1.0.0
4,0.1,0.8,0.3,0.1,0.3,10000,20470283,H0_s3_k4,null,0.2;0.1;0.2;0.1;0.2;0.1;0.4;0.1,Type I error,0.0019,49,1.0.0
4,0.1,0.8,0.3,0.1,0.3,10000,20470283,H0_s4_k4,null,0.2;0.1;0.2;0.1;0.2;0.1;0.2;0.1,Type I error,0.0192,49,1.0.0
4,0.1,0.8,0.3,0.1,0.3,10000,20470283,W1,alternative,0.2;0.3;0.4;0.3;0.4;0.3;0.4;0.3,Power,0.8327,49,1.0.0
4,0.1,0.8,0.3,0.1,0.3,10000,20470283,W2,alternative,0.2;0.1;0.2;0.3;0.4;0.3;0.4;0.3,Power,0.8017,49,1.0.0
4,0.1,0.8,0.3,0.1,0.3,10000,20470283,W3,alternative,0.2;0.1;0.2;0.1;0.2;0.3;0.4;0.3,Power,0.8134,49,1.0.0
4,0.1,0.8,0.3,0.1,0.3,10000,20470283,W4,alternative,0.2;0.1;0.2;0.1;0.2;0.1;0.2;0.3,Power,0.8722,49,1.0.0
4,0.1,0.8,0.3,0.1,0.3,10000,20470283,P1,alternative,0.2;0.3;0.2;0.3;0.4;0.3;0.4;0.3,Power,0.9097,49,1.0.0
4,0.1,0.8,0.3,0.1,0.3,10000,20470283,P2,alternative,0.2;0.1;0.2;0.3;0.2;0.3;0.4;0.3,Power,0.8985,49,1.0.0
4,0.1,0.8,0.3,0.1,0.3,10000,20470283,P3,alternative,0.2;0.1;0.2;0.1;0.2;0.3;0.2;0.3,Power,0.9564,49,1.0.0
4,0.1,0.8,0.6,0.4,0,10000,20365554,H0_s0_k0,null,0.4;0.6;0.4;0.6;0.4;0.6;0.4;0.6,Type I error,0.0321,61,1.0.0
4,0.1,0.8,0.6,0.4,0,10000,20365554,H0_s0_k1,null,0.4;0.4;0.4;0.6;0.4;0.6;0.4;0.6,Type I error,0.0028,61,1.0.0
4,0.1,0.8,0.6,0.4,0,10000,20365554,H0_s0_k2,null,0.4;0.4;0.4;0.4;0.4;0.6;0.4;0.6,Type I error,0.0002,61,1.0.0
4,0.1,0.8,0.6,0.4,0,10000,20365554,H0_s0_k3,null,0.4;0.4;0.4;0.4;0.4;0.4;0.4;0.6,Type I error,0,61,1.0.0
4,0.1,0.8,0.6,0.4,0,10000,20365554,H0_s0_k4,null,0.4;0.4;0.4;0.4;0.4;0.4;0.4;0.4,Type I error,0,61,1.0.0
4,0.1,0.8,0.6,0.4,0,10000,20365554,H0_s1_k1,null,0.2;0.4;0.4;0.6;0.4;0.6;0.4;0.6,Type I error,0.0801,61,1.0.0
4,0.1,0.8,0.6,0.4,0,10000,20365554,H0_s1_k2,null,0.2;0.4;0.4;0.4;0.4;0.6;0.4;0.6,Type I error,0.0088,61,1.0.0
4,0.1,0.8,0.6,0.4,0,10000,20365554,H0_s1_k3,null,0.2;0.4;0.4;0.4;0.4;0.4;0.4;0.6,Type I error,0.0009,61,1.0.0
4,0.1,0.8,0.6,0.4,0,10000,20365554,H0_s1_k4,null,0.2;0.4;0.4;0.4;0.4;0.4;0.4;0.4,Type I error,0.0003,61,1.0.0
4,0.1,0.8,0.6,0.4,0,10000,20365554,H0_s2_k2,null,0.2;0.4;0.2;0.4;0.4;0.6;0.4;0.6,Type I error,0.0829,61,1.0.0
4,0.1,0.8,0.6,0.4,0,10000,20365554,H0_s2_k3,null,0.2;0.4;0.2;0.4;0.4;0.4;0.4;0.6,Type I error,0.0114,61,1.0.0
4,0.1,0.8,0.6,0.4,0,10000,20365554,H0_s2_k4,null,0.2;0.4;0.2;0.4;0.4;0.4;0.4;0.4,Type I error,0.002,61,1.0.0
4,0.1,0.8,0.6,0.4,0,10000,20365554,H0_s3_k3,null,0.2;0.4;0.2;0.4;0.2;0.4;0.4;0.6,Type I error,0.0838,61,1.0.0
4,0.1,0.8,0.6,0.4,0,10000,20365554,H0_s3_k4,null,0.2;0.4;0.2;0.4;0.2;0.4;0.4;0.4,Type I error,0.0103,61,1.0.0
4,0.1,0.8,0.6,0.4,0,10000,20365554,H0_s4_k4,null,0.2;0.4;0.2;0.4;0.2;0.4;0.2;0.4,Type I error,0.0583,61,1.0.0
4,0.1,0.8,0.6,0.4,0,10000,20365554,W1,alternative,0.2;0.6;0.4;0.6;0.4;0.6;0.4;0.6,Power,0.8636,61,1.0.0
4,0.1,0.8,0.6,0.4,0,10000,20365554,W2,alternative,0.2;0.4;0.2;0.6;0.4;0.6;0.4;0.6,Power,0.8042,61,1.0.0
4,0.1,0.8,0.6,0.4,0,10000,20365554,W3,alternative,0.2;0.4;0.2;0.4;0.2;0.6;0.4;0.6,Power,0.8029,61,1.0.0
4,0.1,0.8,0.6,0.4,0,10000,20365554,W4,alternative,0.2;0.4;0.2;0.4;0.2;0.4;0.2;0.6,Power,0.8347,61,1.0.0
4,0.1,0.8,0.6,0.4,0,10000,20365554,P1,alternative,0.2;0.6;0.2;0.6;0.4;0.6;0.4;0.6,Power,0.946,61,1.0.0
4,0.1,0.8,0.6,0.4,0,10000,20365554,P2,alternative,0.2;0.4;0.2;0.6;0.2;0.6;0.4;0.6,Power,0.8948,61,1.0.0
4,0.1,0.8,0.6,0.4,0,10000,20365554,P3,alternative,0.2;0.4;0.2;0.4;0.2;0.6;0.2;0.6,Power,0.9215,61,1.0.0
4,0.1,0.8,0.6,0.4,0.3,10000,20470283,H0_s0_k0,null,0.4;0.6;0.4;0.6;0.4;0.6;0.4;0.6,Type I error,0.031,61,1.0.0
4,0.1,0.8,0.6,0.4,0.3,10000,20470283,H0_s0_k1,null,0.4;0.4;0.4;0.6;0.4;0.6;0.4;0.6,Type I error,0.0032,61,1.0.0
4,0.1,0.8,0.6,0.4,0.3,10000,20470283,H0_s0_k2,null,0.4;0.4;0.4;0.4;0.4;0.6;0.4;0.6,Type I error,0.0004,61,1.0.0
4,0.1,0.8,0.6,0.4,0.3,10000,20470283,H0_s0_k3,null,0.4;0.4;0.4;0.4;0.4;0.4;0.4;0.6,Type I error,0,61,1.0.0
4,0.1,0.8,0.6,0.4,0.3,10000,20470283,H0_s0_k4,null,0.4;0.4;0.4;0.4;0.4;0.4;0.4;0.4,Type I error,0,61,1.0.0
4,0.1,0.8,0.6,0.4,0.3,10000,20470283,H0_s1_k1,null,0.2;0.4;0.4;0.6;0.4;0.6;0.4;0.6,Type I error,0.0786,61,1.0.0
4,0.1,0.8,0.6,0.4,0.3,10000,20470283,H0_s1_k2,null,0.2;0.4;0.4;0.4;0.4;0.6;0.4;0.6,Type I error,0.0096,61,1.0.0
4,0.1,0.8,0.6,0.4,0.3,10000,20470283,H0_s1_k3,null,0.2;0.4;0.4;0.4;0.4;0.4;0.4;0.6,Type I error,0.0016,61,1.0.0
4,0.1,0.8,0.6,0.4,0.3,10000,20470283,H0_s1_k4,null,0.2;0.4;0.4;0.4;0.4;0.4;0.4;0.4,Type I error,0.0002,61,1.0.0
4,0.1,0.8,0.6,0.4,0.3,10000,20470283,H0_s2_k2,null,0.2;0.4;0.2;0.4;0.4;0.6;0.4;0.6,Type I error,0.0821,61,1.0.0
4,0.1,0.8,0.6,0.4,0.3,10000,20470283,H0_s2_k3,null,0.2;0.4;0.2;0.4;0.4;0.4;0.4;0.6,Type I error,0.0092,61,1.0.0
4,0.1,0.8,0.6,0.4,0.3,10000,20470283,H0_s2_k4,null,0.2;0.4;0.2;0.4;0.4;0.4;0.4;0.4,Type I error,0.0007,61,1.0.0
4,0.1,0.8,0.6,0.4,0.3,10000,20470283,H0_s3_k3,null,0.2;0.4;0.2;0.4;0.2;0.4;0.4;0.6,Type I error,0.0775,61,1.0.0
4,0.1,0.8,0.6,0.4,0.3,10000,20470283,H0_s3_k4,null,0.2;0.4;0.2;0.4;0.2;0.4;0.4;0.4,Type I error,0.007,61,1.0.0
4,0.1,0.8,0.6,0.4,0.3,10000,20470283,H0_s4_k4,null,0.2;0.4;0.2;0.4;0.2;0.4;0.2;0.4,Type I error,0.0537,61,1.0.0
4,0.1,0.8,0.6,0.4,0.3,10000,20470283,W1,alternative,0.2;0.6;0.4;0.6;0.4;0.6;0.4;0.6,Power,0.8521,61,1.0.0
4,0.1,0.8,0.6,0.4,0.3,10000,20470283,W2,alternative,0.2;0.4;0.2;0.6;0.4;0.6;0.4;0.6,Power,0.801,61,1.0.0
4,0.1,0.8,0.6,0.4,0.3,10000,20470283,W3,alternative,0.2;0.4;0.2;0.4;0.2;0.6;0.4;0.6,Power,0.7938,61,1.0.0
4,0.1,0.8,0.6,0.4,0.3,10000,20470283,W4,alternative,0.2;0.4;0.2;0.4;0.2;0.4;0.2;0.6,Power,0.8339,61,1.0.0
4,0.1,0.8,0.6,0.4,0.3,10000,20470283,P1,alternative,0.2;0.6;0.2;0.6;0.4;0.6;0.4;0.6,Power,0.9445,61,1.0.0
4,0.1,0.8,0.6,0.4,0.3,10000,20470283,P2,alternative,0.2;0.4;0.2;0.6;0.2;0.6;0.4;0.6,Power,0.8911,61,1.0.0
4,0.1,0.8,0.6,0.4,0.3,10000,20470283,P3,alternative,0.2;0.4;0.2;0.4;0.2;0.6;0.2;0.6,Power,0.9178,61,1.0.0
4,0.1,0.9,0.3,0.1,0,10000,20365554,H0_s0_k0,null,0.4;0.3;0.4;0.3;0.4;0.3;0.4;0.3,Type I error,0.0379,69,1.0.0
4,0.1,0.9,0.3,0.1,0,10000,20365554,H0_s0_k1,null,0.4;0.1;0.4;0.3;0.4;0.3;0.4;0.3,Type I error,0.0034,69,1.0.0
4,0.1,0.9,0.3,0.1,0,10000,20365554,H0_s0_k2,null,0.4;0.1;0.4;0.1;0.4;0.3;0.4;0.3,Type I error,0.0003,69,1.0.0
4,0.1,0.9,0.3,0.1,0,10000,20365554,H0_s0_k3,null,0.4;0.1;0.4;0.1;0.4;0.1;0.4;0.3,Type I error,0,69,1.0.0
4,0.1,0.9,0.3,0.1,0,10000,20365554,H0_s0_k4,null,0.4;0.1;0.4;0.1;0.4;0.1;0.4;0.1,Type I error,0,69,1.0.0
4,0.1,0.9,0.3,0.1,0,10000,20365554,H0_s1_k1,null,0.2;0.1;0.4;0.3;0.4;0.3;0.4;0.3,Type I error,0.0548,69,1.0.0
4,0.1,0.9,0.3,0.1,0,10000,20365554,H0_s1_k2,null,0.2;0.1;0.4;0.1;0.4;0.3;0.4;0.3,Type I error,0.0053,69,1.0.0
4,0.1,0.9,0.3,0.1,0,10000,20365554,H0_s1_k3,null,0.2;0.1;0.4;0.1;0.4;0.1;0.4;0.3,Type I error,0.0005,69,1.0.0
4,0.1,0.9,0.3,0.1,0,10000,20365554,H0_s1_k4,null,0.2;0.1;0.4;0.1;0.4;0.1;0.4;0.1,Type I error,0,69,1.0.0
4,0.1,0.9,0.3,0.1,0,10000,20365554,H0_s2_k2,null,0.2;0.1;0.2;0.1;0.4;0.3;0.4;0.3,Type I error,0.0572,69,1.0.0
4,0.1,0.9,0.3,0.1,0,10000,20365554,H0_s2_k3,null,0.2;0.1;0.2;0.1;0.4;0.1;0.4;0.3,Type I error,0.0048,69,1.0.0
4,0.1,0.9,0.3,0.1,0,10000,20365554,H0_s2_k4,null,0.2;0.1;0.2;0.1;0.4;0.1;0.4;0.1,Type I error,0,69,1.0.0
4,0.1,0.9,0.3,0.1,0,10000,20365554,H0_s3_k3,null,0.2;0.1;0.2;0.1;0.2;0.1;0.4;0.3,Type I error,0.0533,69,1.0.0
4,0.1,0.9,0.3,0.1,0,10000,20365554,H0_s3_k4,null,0.2;0.1;0.2;0.1;0.2;0.1;0.4;0.1,Type I error,0.0017,69,1.0.0
4,0.1,0.9,0.3,0.1,0,10000,20365554,H0_s4_k4,null,0.2;0.1;0.2;0.1;0.2;0.1;0.2;0.1,Type I error,0.018,69,1.0.0
4,0.1,0.9,0.3,0.1,0,10000,20365554,W1,alternative,0.2;0.3;0.4;0.3;0.4;0.3;0.4;0.3,Power,0.9233,69,1.0.0
4,0.1,0.9,0.3,0.1,0,10000,20365554,W2,alternative,0.2;0.1;0.2;0.3;0.4;0.3;0.4;0.3,Power,0.904,69,1.0.0
4,0.1,0.9,0.3,0.1,0,10000,20365554,W3,alternative,0.2;0.1;0.2;0.1;0.2;0.3;0.4;0.3,Power,0.9014,69,1.0.0
4,0.1,0.9,0.3,0.1,0,10000,20365554,W4,alternative,0.2;0.1;0.2;0.1;0.2;0.1;0.2;0.3,Power,0.9446,69,1.0.0
4,0.1,0.9,0.3,0.1,0,10000,20365554,P1,alternative,0.2;0.3;0.2;0.3;0.4;0.3;0.4;0.3,Power,0.959,69,1.0.0
4,0.1,0.9,0.3,0.1,0,10000,20365554,P2,alternative,0.2;0.1;0.2;0.3;0.2;0.3;0.4;0.3,Power,0.94,69,1.0.0
4,0.1,0.9,0.3,0.1,0,10000,20365554,P3,alternative,0.2;0.1;0.2;0.1;0.2;0.3;0.2;0.3,Power,0.9742,69,1.0.0
4,0.1,0.9,0.3,0.1,0.3,10000,20470283,H0_s0_k0,null,0.4;0.3;0.4;0.3;0.4;0.3;0.4;0.3,Type I error,0.0385,69,1.0.0
4,0.1,0.9,0.3,0.1,0.3,10000,20470283,H0_s0_k1,null,0.4;0.1;0.4;0.3;0.4;0.3;0.4;0.3,Type I error,0.0038,69,1.0.0
4,0.1,0.9,0.3,0.1,0.3,10000,20470283,H0_s0_k2,null,0.4;0.1;0.4;0.1;0.4;0.3;0.4;0.3,Type I error,0.0004,69,1.0.0
4,0.1,0.9,0.3,0.1,0.3,10000,20470283,H0_s0_k3,null,0.4;0.1;0.4;0.1;0.4;0.1;0.4;0.3,Type I error,0.0001,69,1.0.0
4,0.1,0.9,0.3,0.1,0.3,10000,20470283,H0_s0_k4,null,0.4;0.1;0.4;0.1;0.4;0.1;0.4;0.1,Type I error,0,69,1.0.0
4,0.1,0.9,0.3,0.1,0.3,10000,20470283,H0_s1_k1,null,0.2;0.1;0.4;0.3;0.4;0.3;0.4;0.3,Type I error,0.0587,69,1.0.0
4,0.1,0.9,0.3,0.1,0.3,10000,20470283,H0_s1_k2,null,0.2;0.1;0.4;0.1;0.4;0.3;0.4;0.3,Type I error,0.0051,69,1.0.0
4,0.1,0.9,0.3,0.1,0.3,10000,20470283,H0_s1_k3,null,0.2;0.1;0.4;0.1;0.4;0.1;0.4;0.3,Type I error,0.0004,69,1.0.0
4,0.1,0.9,0.3,0.1,0.3,10000,20470283,H0_s1_k4,null,0.2;0.1;0.4;0.1;0.4;0.1;0.4;0.1,Type I error,0,69,1.0.0
4,0.1,0.9,0.3,0.1,0.3,10000,20470283,H0_s2_k2,null,0.2;0.1;0.2;0.1;0.4;0.3;0.4;0.3,Type I error,0.0551,69,1.0.0
4,0.1,0.9,0.3,0.1,0.3,10000,20470283,H0_s2_k3,null,0.2;0.1;0.2;0.1;0.4;0.1;0.4;0.3,Type I error,0.0036,69,1.0.0
4,0.1,0.9,0.3,0.1,0.3,10000,20470283,H0_s2_k4,null,0.2;0.1;0.2;0.1;0.4;0.1;0.4;0.1,Type I error,0.0002,69,1.0.0
4,0.1,0.9,0.3,0.1,0.3,10000,20470283,H0_s3_k3,null,0.2;0.1;0.2;0.1;0.2;0.1;0.4;0.3,Type I error,0.0511,69,1.0.0
4,0.1,0.9,0.3,0.1,0.3,10000,20470283,H0_s3_k4,null,0.2;0.1;0.2;0.1;0.2;0.1;0.4;0.1,Type I error,0.0015,69,1.0.0
4,0.1,0.9,0.3,0.1,0.3,10000,20470283,H0_s4_k4,null,0.2;0.1;0.2;0.1;0.2;0.1;0.2;0.1,Type I error,0.0184,69,1.0.0
4,0.1,0.9,0.3,0.1,0.3,10000,20470283,W1,alternative,0.2;0.3;0.4;0.3;0.4;0.3;0.4;0.3,Power,0.9195,69,1.0.0
4,0.1,0.9,0.3,0.1,0.3,10000,20470283,W2,alternative,0.2;0.1;0.2;0.3;0.4;0.3;0.4;0.3,Power,0.9003,69,1.0.0
4,0.1,0.9,0.3,0.1,0.3,10000,20470283,W3,alternative,0.2;0.1;0.2;0.1;0.2;0.3;0.4;0.3,Power,0.9025,69,1.0.0
4,0.1,0.9,0.3,0.1,0.3,10000,20470283,W4,alternative,0.2;0.1;0.2;0.1;0.2;0.1;0.2;0.3,Power,0.946,69,1.0.0
4,0.1,0.9,0.3,0.1,0.3,10000,20470283,P1,alternative,0.2;0.3;0.2;0.3;0.4;0.3;0.4;0.3,Power,0.9569,69,1.0.0
4,0.1,0.9,0.3,0.1,0.3,10000,20470283,P2,alternative,0.2;0.1;0.2;0.3;0.2;0.3;0.4;0.3,Power,0.9426,69,1.0.0
4,0.1,0.9,0.3,0.1,0.3,10000,20470283,P3,alternative,0.2;0.1;0.2;0.1;0.2;0.3;0.2;0.3,Power,0.9767,69,1.0.0
4,0.1,0.9,0.6,0.4,0,10000,20365554,H0_s0_k0,null,0.4;0.6;0.4;0.6;0.4;0.6;0.4;0.6,Type I error,0.0182,87,1.0.0
4,0.1,0.9,0.6,0.4,0,10000,20365554,H0_s0_k1,null,0.4;0.4;0.4;0.6;0.4;0.6;0.4;0.6,Type I error,0.0014,87,1.0.0
4,0.1,0.9,0.6,0.4,0,10000,20365554,H0_s0_k2,null,0.4;0.4;0.4;0.4;0.4;0.6;0.4;0.6,Type I error,0,87,1.0.0
4,0.1,0.9,0.6,0.4,0,10000,20365554,H0_s0_k3,null,0.4;0.4;0.4;0.4;0.4;0.4;0.4;0.6,Type I error,0,87,1.0.0
4,0.1,0.9,0.6,0.4,0,10000,20365554,H0_s0_k4,null,0.4;0.4;0.4;0.4;0.4;0.4;0.4;0.4,Type I error,0,87,1.0.0
4,0.1,0.9,0.6,0.4,0,10000,20365554,H0_s1_k1,null,0.2;0.4;0.4;0.6;0.4;0.6;0.4;0.6,Type I error,0.0446,87,1.0.0
4,0.1,0.9,0.6,0.4,0,10000,20365554,H0_s1_k2,null,0.2;0.4;0.4;0.4;0.4;0.6;0.4;0.6,Type I error,0.0028,87,1.0.0
4,0.1,0.9,0.6,0.4,0,10000,20365554,H0_s1_k3,null,0.2;0.4;0.4;0.4;0.4;0.4;0.4;0.6,Type I error,0,87,1.0.0
4,0.1,0.9,0.6,0.4,0,10000,20365554,H0_s1_k4,null,0.2;0.4;0.4;0.4;0.4;0.4;0.4;0.4,Type I error,0,87,1.0.0
4,0.1,0.9,0.6,0.4,0,10000,20365554,H0_s2_k2,null,0.2;0.4;0.2;0.4;0.4;0.6;0.4;0.6,Type I error,0.049,87,1.0.0
4,0.1,0.9,0.6,0.4,0,10000,20365554,H0_s2_k3,null,0.2;0.4;0.2;0.4;0.4;0.4;0.4;0.6,Type I error,0.0031,87,1.0.0
4,0.1,0.9,0.6,0.4,0,10000,20365554,H0_s2_k4,null,0.2;0.4;0.2;0.4;0.4;0.4;0.4;0.4,Type I error,0.0001,87,1.0.0
4,0.1,0.9,0.6,0.4,0,10000,20365554,H0_s3_k3,null,0.2;0.4;0.2;0.4;0.2;0.4;0.4;0.6,Type I error,0.046,87,1.0.0
4,0.1,0.9,0.6,0.4,0,10000,20365554,H0_s3_k4,null,0.2;0.4;0.2;0.4;0.2;0.4;0.4;0.4,Type I error,0.0024,87,1.0.0
4,0.1,0.9,0.6,0.4,0,10000,20365554,H0_s4_k4,null,0.2;0.4;0.2;0.4;0.2;0.4;0.2;0.4,Type I error,0.0306,87,1.0.0
4,0.1,0.9,0.6,0.4,0,10000,20365554,W1,alternative,0.2;0.6;0.4;0.6;0.4;0.6;0.4;0.6,Power,0.9379,87,1.0.0
4,0.1,0.9,0.6,0.4,0,10000,20365554,W2,alternative,0.2;0.4;0.2;0.6;0.4;0.6;0.4;0.6,Power,0.9031,87,1.0.0
4,0.1,0.9,0.6,0.4,0,10000,20365554,W3,alternative,0.2;0.4;0.2;0.4;0.2;0.6;0.4;0.6,Power,0.9022,87,1.0.0
4,0.1,0.9,0.6,0.4,0,10000,20365554,W4,alternative,0.2;0.4;0.2;0.4;0.2;0.4;0.2;0.6,Power,0.9194,87,1.0.0
4,0.1,0.9,0.6,0.4,0,10000,20365554,P1,alternative,0.2;0.6;0.2;0.6;0.4;0.6;0.4;0.6,Power,0.9753,87,1.0.0
4,0.1,0.9,0.6,0.4,0,10000,20365554,P2,alternative,0.2;0.4;0.2;0.6;0.2;0.6;0.4;0.6,Power,0.9476,87,1.0.0
4,0.1,0.9,0.6,0.4,0,10000,20365554,P3,alternative,0.2;0.4;0.2;0.4;0.2;0.6;0.2;0.6,Power,0.963,87,1.0.0
4,0.1,0.9,0.6,0.4,0.3,10000,20470283,H0_s0_k0,null,0.4;0.6;0.4;0.6;0.4;0.6;0.4;0.6,Type I error,0.0181,87,1.0.0
4,0.1,0.9,0.6,0.4,0.3,10000,20470283,H0_s0_k1,null,0.4;0.4;0.4;0.6;0.4;0.6;0.4;0.6,Type I error,0.0006,87,1.0.0
4,0.1,0.9,0.6,0.4,0.3,10000,20470283,H0_s0_k2,null,0.4;0.4;0.4;0.4;0.4;0.6;0.4;0.6,Type I error,0,87,1.0.0
4,0.1,0.9,0.6,0.4,0.3,10000,20470283,H0_s0_k3,null,0.4;0.4;0.4;0.4;0.4;0.4;0.4;0.6,Type I error,0,87,1.0.0
4,0.1,0.9,0.6,0.4,0.3,10000,20470283,H0_s0_k4,null,0.4;0.4;0.4;0.4;0.4;0.4;0.4;0.4,Type I error,0,87,1.0.0
4,0.1,0.9,0.6,0.4,0.3,10000,20470283,H0_s1_k1,null,0.2;0.4;0.4;0.6;0.4;0.6;0.4;0.6,Type I error,0.0503,87,1.0.0
4,0.1,0.9,0.6,0.4,0.3,10000,20470283,H0_s1_k2,null,0.2;0.4;0.4;0.4;0.4;0.6;0.4;0.6,Type I error,0.0028,87,1.0.0
4,0.1,0.9,0.6,0.4,0.3,10000,20470283,H0_s1_k3,null,0.2;0.4;0.4;0.4;0.4;0.4;0.4;0.6,Type I error,0.0004,87,1.0.0
4,0.1,0.9,0.6,0.4,0.3,10000,20470283,H0_s1_k4,null,0.2;0.4;0.4;0.4;0.4;0.4;0.4;0.4,Type I error,0,87,1.0.0
4,0.1,0.9,0.6,0.4,0.3,10000,20470283,H0_s2_k2,null,0.2;0.4;0.2;0.4;0.4;0.6;0.4;0.6,Type I error,0.0443,87,1.0.0
4,0.1,0.9,0.6,0.4,0.3,10000,20470283,H0_s2_k3,null,0.2;0.4;0.2;0.4;0.4;0.4;0.4;0.6,Type I error,0.0027,87,1.0.0
4,0.1,0.9,0.6,0.4,0.3,10000,20470283,H0_s2_k4,null,0.2;0.4;0.2;0.4;0.4;0.4;0.4;0.4,Type I error,0,87,1.0.0
4,0.1,0.9,0.6,0.4,0.3,10000,20470283,H0_s3_k3,null,0.2;0.4;0.2;0.4;0.2;0.4;0.4;0.6,Type I error,0.0453,87,1.0.0
4,0.1,0.9,0.6,0.4,0.3,10000,20470283,H0_s3_k4,null,0.2;0.4;0.2;0.4;0.2;0.4;0.4;0.4,Type I error,0.0027,87,1.0.0
4,0.1,0.9,0.6,0.4,0.3,10000,20470283,H0_s4_k4,null,0.2;0.4;0.2;0.4;0.2;0.4;0.2;0.4,Type I error,0.0327,87,1.0.0
4,0.1,0.9,0.6,0.4,0.3,10000,20470283,W1,alternative,0.2;0.6;0.4;0.6;0.4;0.6;0.4;0.6,Power,0.9255,87,1.0.0
4,0.1,0.9,0.6,0.4,0.3,10000,20470283,W2,alternative,0.2;0.4;0.2;0.6;0.4;0.6;0.4;0.6,Power,0.9004,87,1.0.0
4,0.1,0.9,0.6,0.4,0.3,10000,20470283,W3,alternative,0.2;0.4;0.2;0.4;0.2;0.6;0.4;0.6,Power,0.9058,87,1.0.0
4,0.1,0.9,0.6,0.4,0.3,10000,20470283,W4,alternative,0.2;0.4;0.2;0.4;0.2;0.4;0.2;0.6,Power,0.9246,87,1.0.0
4,0.1,0.9,0.6,0.4,0.3,10000,20470283,P1,alternative,0.2;0.6;0.2;0.6;0.4;0.6;0.4;0.6,Power,0.9741,87,1.0.0
4,0.1,0.9,0.6,0.4,0.3,10000,20470283,P2,alternative,0.2;0.4;0.2;0.6;0.2;0.6;0.4;0.6,Power,0.9477,87,1.0.0
4,0.1,0.9,0.6,0.4,0.3,10000,20470283,P3,alternative,0.2;0.4;0.2;0.4;0.2;0.6;0.2;0.6,Power,0.9693,87,1.0.0
