J,alpha,target,phi_E1,phi_E0,rho,min_g1,mean_g1,min_g2,fwer
2,0.05,0.8,0.3,0.1,-0.1,0.8369394933350164,0.8850761635579113,0.8554456770555101,0.04954234165634297
2,0.05,0.8,0.3,0.1,0.0,0.8354760177087903,0.8841522987277178,0.8536309340648154,0.04954234165634297
2,0.05,0.8,0.3,0.1,0.15,0.8341494428395952,0.88346802311693,0.8515337894458118,0.04954234165634297
2,0.05,0.8,0.3,0.1,0.3,0.8339314814062629,0.8836431701273183,0.8501618794896283,0.04954234165634297
2,0.05,0.8,0.6,0.4,-0.1,0.8087888339841669,0.8675634459207582,0.8297107973132724,0.049437189528869885
2,0.05,0.8,0.6,0.4,0.0,0.8067486943185536,0.8659427741369936,0.8267240418341655,0.049437189528869885
2,0.05,0.8,0.6,0.4,0.15,0.804968356113676,0.8644056899501015,0.8231261813304567,0.049437189528869885
2,0.05,0.8,0.6,0.4,0.3,0.8047453180646961,0.8639605215656813,0.820584707001142,0.049437189528869885
2,0.05,0.9,0.3,0.1,-0.1,0.9019985814246629,0.9331781187484669,0.9186718547967608,0.04854783062131118
2,0.05,0.9,0.3,0.1,0.0,0.90184567540632,0.9329251545963687,0.9180313786886534,0.04854783062131118
2,0.05,0.9,0.3,0.1,0.15,0.902266483380039,0.9329423010201291,0.9173825952825335,0.04854783062131118
2,0.05,0.9,0.3,0.1,0.3,0.9032954342207461,0.9334298498803487,0.9170420649483398,0.04854783062131118
2,0.05,0.9,0.6,0.4,-0.1,0.9039820541779968,0.9351949467726269,0.92241186977129,0.048243992917076706
2,0.05,0.9,0.6,0.4,0.0,0.9035661096208538,0.9348265715110041,0.9216071829590189,0.048243992917076706
2,0.05,0.9,0.6,0.4,0.15,0.9036241762562045,0.9347268648945931,0.9207975260164845,0.048243992917076706
2,0.05,0.9,0.6,0.4,0.3,0.9044957479751194,0.9351604990169022,0.9203813634678948,0.048243992917076706
2,0.1,0.8,0.3,0.1,-0.1,0.8214482553782381,0.8744241230189554,0.858611007788612,0.09876060743480253
2,0.1,0.8,0.3,0.1,0.0,0.8202637656765489,0.8737746682931764,0.8566972012309946,0.09876060743480253
2,0.1,0.8,0.3,0.1,0.15,0.819542334663116,0.8736315564216497,0.8544893988206826,0.09876060743480253
2,0.1,0.8,0.3,0.1,0.3,0.8201661672845015,0.8745136283156777,0.8530463158819609,0.09876060743480253
2,0.1,0.8,0.6,0.4,-0.1,0.8112123570478775,0.8697905966829175,0.8498500837400031,0.09704046345076678
2,0.1,0.8,0.6,0.4,0.0,0.8105793040071791,0.8687792537656313,0.8474096227695082,0.09704046345076678
2,0.1,0.8,0.6,0.4,0.15,0.8109649538511365,0.8681722095031944,0.844549862251715,0.09704046345076678
2,0.1,0.8,0.6,0.4,0.3,0.812983431594597,0.8686838484794261,0.8426297265553365,0.09704046345076678
2,0.1,0.9,0.3,0.1,-0.1,0.900543692894261,0.9334404529130221,0.9175709374591732,0.09174378065171152
2,0.1,0.9,0.3,0.1,0.0,0.9002561342510038,0.9331348312069289,0.9169396777637757,0.09174378065171152
2,0.1,0.9,0.3,0.1,0.15,0.900409965279454,0.9330707214884962,0.9162992266084662,0.09174378065171152
2,0.1,0.9,0.3,0.1,0.3,0.9012652891360005,0.9334723276881212,0.9159627694792207,0.09174378065171152
2,0.1,0.9,0.6,0.4,-0.1,0.9041382972766017,0.9353421753270075,0.9388196813269107,0.09752833121261895
2,0.1,0.9,0.6,0.4,0.0,0.9040938547175124,0.9352686556881622,0.9382770021313531,0.09752833121261895
2,0.1,0.9,0.6,0.4,0.15,0.9046735012321052,0.935573124919444,0.9377608372441675,0.09752833121261895
2,0.1,0.9,0.6,0.4,0.3,0.9060477721221616,0.9363781581850074,0.937521710696738,0.09752833121261895
3,0.05,0.8,0.3,0.1,-0.1,0.8060631595828787,0.8689149165534562,0.817282704755636,0.048102372343553745
3,0.05,0.8,0.3,0.1,0.0,0.803914605901397,0.8672799845978758,0.8145549041407469,0.048102372343553745
3,0.05,0.8,0.3,0.1,0.15,0.8020119822748658,0.8657336013092877,0.8112396760197101,0.048102372343553745
3,0.05,0.8,0.3,0.1,0.3,0.8018210243861342,0.8653390190307189,0.8088755302719194,0.048102372343553745
3,0.05,0.8,0.6,0.4,-0.1,0.8097954662214191,0.8728740757774263,0.838330447940246,0.049953225098781306
3,0.05,0.8,0.6,0.4,0.0,0.8082293846544187,0.8718704945515313,0.8356878715466958,0.049953225098781306
3,0.05,0.8,0.6,0.4,0.15,0.8072769257224752,0.8714179822860745,0.8325500560473925,0.049953225098781306
3,0.05,0.8,0.6,0.4,0.3,0.8080546025658857,0.872275254645212,0.8303890622421713,0.049953225098781306
3,0.05,0.9,0.3,0.1,-0.1,0.9024789526038461,0.9355908752649752,0.9199253715413575,0.04935905667428664
3,0.05,0.9,0.3,0.1,0.0,0.9020217995219643,0.9354402172991273,0.9192810025884188,0.04935905667428664
3,0.05,0.9,0.3,0.1,0.15,0.9019302180218816,0.9356926793969794,0.9186297133919665,0.04935905667428664
3,0.05,0.9,0.3,0.1,0.3,0.9026028471084915,0.9365586320336498,0.9182886058336776,0.04935905667428664
3,0.05,0.9,0.6,0.4,-0.1,0.9012878282361461,0.9329334963797313,0.9237692315132967,0.04971131519036687
3,0.05,0.9,0.6,0.4,0.0,0.9009318047347221,0.9328033811841978,0.9230480216746191,0.04971131519036687
3,0.05,0.9,0.6,0.4,0.15,0.9011219421455782,0.9331737619752636,0.9223299997338463,0.04971131519036687
3,0.05,0.9,0.6,0.4,0.3,0.9022217025632844,0.9342701952690554,0.9219678399677177,0.04971131519036687
3,0.1,0.8,0.3,0.1,-0.1,0.8094589335208081,0.8686816215894393,0.8526779678263425,0.09636096479128553
3,0.1,0.8,0.3,0.1,0.0,0.8084738311835737,0.8684971520527283,0.8508601906151236,0.09636096479128553
3,0.1,0.8,0.3,0.1,0.15,0.8082425135874031,0.86926316173598,0.8487517441782151,0.09636096479128553
3,0.1,0.8,0.3,0.1,0.3,0.8096673740244477,0.8713681381933291,0.8473665543686857,0.09636096479128553
3,0.1,0.8,0.6,0.4,-0.1,0.8105902568514071,0.8667253840679724,0.8648397458954084,0.09746505834707919
3,0.1,0.8,0.6,0.4,0.0,0.809863255261866,0.8666247732866289,0.862838110071493,0.09746505834707919
3,0.1,0.8,0.6,0.4,0.15,0.8101992735676316,0.867656795662444,0.8605522441594202,0.09746505834707919
3,0.1,0.8,0.6,0.4,0.3,0.8123404705376723,0.8701829821654188,0.8590845310938868,0.09746505834707919
3,0.1,0.9,0.3,0.1,-0.1,0.9017763206632822,0.9340107875298523,0.9186718547967608,0.09265677209350387
3,0.1,0.9,0.3,0.1,0.0,0.901332385016542,0.9338831486781375,0.9180313786886534,0.09265677209350387
3,0.1,0.9,0.3,0.1,0.15,0.9012806731853941,0.9341495617244429,0.9173825952825335,0.09265677209350387
3,0.1,0.9,0.3,0.1,0.3,0.9020056882946383,0.9350196472823529,0.9170420649483398,0.09265677209350387
3,0.1,0.9,0.6,0.4,-0.1,0.9014886603058427,0.9326663686598462,0.9382392114988474,0.09655481344788563
3,0.1,0.9,0.6,0.4,0.0,0.9016136482167038,0.9326754910871118,0.9377881206460035,0.09655481344788563
3,0.1,0.9,0.6,0.4,0.15,0.9025343039157051,0.9331931358301608,0.9373651479849101,0.09655481344788563
3,0.1,0.9,0.6,0.4,0.3,0.9044236578398694,0.9343830319298473,0.9371740471062199,0.09655481344788563
4,0.05,0.8,0.3,0.1,-0.1,0.8067802707447084,0.87213112181557,0.8226710213744315,0.048900418319468786
4,0.05,0.8,0.3,0.1,0.0,0.8048343582841158,0.8707554575782452,0.8200240633718399,0.048900418319468786
4,0.05,0.8,0.3,0.1,0.15,0.8033273752007359,0.8696721976281433,0.8168271963485082,0.048900418319468786
4,0.05,0.8,0.3,0.1,0.3,0.8036812474185192,0.8698485740540011,0.8145683489679454,0.048900418319468786
4,0.05,0.8,0.6,0.4,-0.1,0.8023167743393766,0.8704792128154082,0.8345248540769171,0.04970127448346762
4,0.05,0.8,0.6,0.4,0.0,0.8012172163087107,0.8696063937567464,0.8319294419198489,0.04970127448346762
4,0.05,0.8,0.6,0.4,0.15,0.8011440629777837,0.8694636016078078,0.8288436717185523,0.04970127448346762
4,0.05,0.8,0.6,0.4,0.3,0.8029975542082854,0.8707789339496019,0.8267142836011159,0.04970127448346762
4,0.05,0.9,0.3,0.1,-0.1,0.9011738636156498,0.9355519917817932,0.9176661703022011,0.049966798801590606
4,0.05,0.9,0.3,0.1,0.0,0.9009046213955433,0.935432360248371,0.9170594381740568,0.049966798801590606
4,0.05,0.9,0.3,0.1,0.15,0.9007983708620056,0.9357480422313301,0.9164460375451295,0.049966798801590606
4,0.05,0.9,0.3,0.1,0.3,0.9014213876152736,0.9367238981754454,0.9161253274158775,0.049966798801590606
4,0.05,0.9,0.6,0.4,-0.1,0.902568003703917,0.9331006925906247,0.932809095748453,0.048822936172990605
4,0.05,0.9,0.6,0.4,0.0,0.9024250976856382,0.9331590483955814,0.9321372816557981,0.048822936172990605
4,0.05,0.9,0.6,0.4,0.15,0.9026596857002989,0.9338762467359547,0.9314797706495075,0.048822936172990605
4,0.05,0.9,0.6,0.4,0.3,0.9038405697656439,0.9354488141539823,0.9311573110313985,0.048822936172990605
4,0.1,0.8,0.3,0.1,-0.1,0.8007399624444782,0.8643237986503797,0.8504897180056306,0.09892522089303624
4,0.1,0.8,0.3,0.1,0.0,0.8015041777219117,0.8644602175874668,0.8487967651292204,0.09892522089303624
4,0.1,0.8,0.3,0.1,0.15,0.8030140896525959,0.8658857368142053,0.8468344661316866,0.09892522089303624
4,0.1,0.8,0.3,0.1,0.3,0.8050695148656225,0.8689072689696247,0.8455494264380801,0.09892522089303624
4,0.1,0.8,0.6,0.4,-0.1,0.802413310586675,0.8625204920553452,0.851279101323516,0.09941685732586292
4,0.1,0.8,0.6,0.4,0.0,0.8016839553910972,0.8623344294452886,0.8489560033342921,0.09941685732586292
4,0.1,0.8,0.6,0.4,0.15,0.8022579808115451,0.8634187675614438,0.8462467730471341,0.09941685732586292
4,0.1,0.8,0.6,0.4,0.3,0.804950073559615,0.866254274364851,0.8444400929603431,0.09941685732586292
4,0.1,0.9,0.3,0.1,-0.1,0.9012247519198944,0.9343189585966368,0.9199253715413575,0.0994230110351848
4,0.1,0.9,0.3,0.1,0.0,0.9008454026512774,0.9342931841585449,0.9192810025884188,0.0994230110351848
4,0.1,0.9,0.3,0.1,0.15,0.9008887139870025,0.9347496636032241,0.9186297133919665,0.0994230110351848
4,0.1,0.9,0.3,0.1,0.3,0.9017200491698508,0.9358852569740348,0.9182886058336776,0.0994230110351848
4,0.1,0.9,0.6,0.4,-0.1,0.9012288550182992,0.9318936374554826,0.9325572136674873,0.0967227691956335
4,0.1,0.9,0.6,0.4,0.0,0.900918232226979,0.931925657848802,0.9321185410215541,0.0967227691956335
4,0.1,0.9,0.6,0.4,0.15,0.9011715491768766,0.9325315573302769,0.9314797706495075,0.0967227691956335
4,0.1,0.9,0.6,0.4,0.3,0.9023730441045378,0.9339140133767134,0.9311573110313985,0.0967227691956335
