J,alpha,target,phi_E1,phi_E0,delta_T,delta_E,min_g1,mean_g1,min_g2,fwer
2,0.05,0.8,0.3,0.1,0.0,0.0,0.8339314814062629,0.8838977344275181,0.8501618794896283,0.04954234165634297
2,0.05,0.8,0.3,0.1,0.0,0.025,0.7934190747575561,0.8513371043300578,0.8068168221062297,0.04954234165634297
2,0.05,0.8,0.3,0.1,0.0,0.05,0.7142287994726538,0.7914521965406186,0.7263643540855571,0.04954234165634297
2,0.05,0.8,0.3,0.1,0.025,0.0,0.7291766098746895,0.8007058768152554,0.7433682154384798,0.04954234165634297
2,0.05,0.8,0.3,0.1,0.025,0.025,0.6910183917274886,0.7683178983896447,0.7003124807936473,0.04954234165634297
2,0.05,0.8,0.3,0.1,0.025,0.05,0.6181917208814985,0.7097235875673747,0.6258527199144304,0.04954234165634297
2,0.05,0.8,0.3,0.1,0.05,0.0,0.591338311706575,0.6777532061222867,0.5975471745816022,0.04954234165634297
2,0.05,0.8,0.3,0.1,0.05,0.025,0.5548041485967163,0.6470117110853062,0.5592642203483915,0.04954234165634297
2,0.05,0.8,0.3,0.1,0.05,0.05,0.4909246498976535,0.5925954002456871,0.4948711942209929,0.04954234165634297
2,0.05,0.8,0.6,0.4,0.0,0.0,0.8047453180646961,0.8649516478513372,0.820584707001142,0.049437189528869885
2,0.05,0.8,0.6,0.4,0.0,0.025,0.7172758612741507,0.7928553865113792,0.7282459951493775,0.049437189528869885
2,0.05,0.8,0.6,0.4,0.0,0.05,0.5954547509925533,0.684765202990246,0.6018483261980689,0.049437189528869885
2,0.05,0.8,0.6,0.4,0.025,0.0,0.7104924532367791,0.7981946842516342,0.724476711424563,0.049437189528869885
2,0.05,0.8,0.6,0.4,0.025,0.025,0.6284861921824749,0.7269441434722396,0.6380983623937043,0.049437189528869885
2,0.05,0.8,0.6,0.4,0.025,0.05,0.5162421525202342,0.6222826098082764,0.5217851984374825,0.049437189528869885
2,0.05,0.8,0.6,0.4,0.05,0.0,0.5726656501268517,0.6869411455255102,0.5839371341097789,0.049437189528869885
2,0.05,0.8,0.6,0.4,0.05,0.025,0.5010225896867052,0.6196115298924076,0.5086853107960042,0.049437189528869885
2,0.05,0.8,0.6,0.4,0.05,0.05,0.4054803032838831,0.5236133586360783,0.4098340662005102,0.049437189528869885
2,0.05,0.9,0.3,0.1,0.0,0.0,0.90184567540632,0.9331775022383587,0.9170420649483398,0.04854783062131118
2,0.05,0.9,0.3,0.1,0.0,0.025,0.8739641983146679,0.9127662726409383,0.8892537134606883,0.04854783062131118
2,0.05,0.9,0.3,0.1,0.0,0.05,0.8134523698549551,0.8685739728864418,0.8264182438684741,0.04854783062131118
2,0.05,0.9,0.3,0.1,0.025,0.0,0.8143961250719582,0.8700339610357273,0.8255417505417318,0.04854783062131118
2,0.05,0.9,0.3,0.1,0.025,0.025,0.7896104505531659,0.8493180026751902,0.7987597411360785,0.04854783062131118
2,0.05,0.9,0.3,0.1,0.025,0.05,0.73457063432698,0.8049710156778955,0.7430821733807293,0.04854783062131118
2,0.05,0.9,0.3,0.1,0.05,0.0,0.6792623062615093,0.761013634317408,0.6850466320170192,0.04854783062131118
2,0.05,0.9,0.3,0.1,0.05,0.025,0.65534771525793,0.7405440699399358,0.6604630074982172,0.04854783062131118
2,0.05,0.9,0.3,0.1,0.05,0.05,0.6055398280241465,0.6975057811712103,0.6102663466513727,0.04854783062131118
2,0.05,0.9,0.6,0.4,0.0,0.0,0.9035661096208538,0.9349935352639531,0.9203813634678948,0.048243992917076706
2,0.05,0.9,0.6,0.4,0.0,0.025,0.8352881491942638,0.8867568221726173,0.8481840911817795,0.048243992917076706
2,0.05,0.9,0.6,0.4,0.0,0.05,0.7212802080538012,0.7990003964295171,0.7291544869945249,0.048243992917076706
2,0.05,0.9,0.6,0.4,0.025,0.0,0.8481214552000623,0.8930450773347834,0.8615561956383507,0.048243992917076706
2,0.05,0.9,0.6,0.4,0.025,0.025,0.7810258719526361,0.84433564853259,0.7924397656243263,0.048243992917076706
2,0.05,0.9,0.6,0.4,0.025,0.05,0.6698143330167243,0.7568022521187414,0.6771267545108617,0.048243992917076706
2,0.05,0.9,0.6,0.4,0.05,0.0,0.7339479641895794,0.8035848418121008,0.7421844976208872,0.048243992917076706
2,0.05,0.9,0.6,0.4,0.05,0.025,0.6725521222664648,0.7552144192365416,0.6823807831186683,0.048243992917076706
2,0.05,0.9,0.6,0.4,0.05,0.05,0.570531052040962,0.670341163130185,0.57675958929729,0.048243992917076706
2,0.1,0.8,0.3,0.1,0.0,0.0,0.8201661672845015,0.8741441483044272,0.8530463158819609,0.09876060743480253
2,0.1,0.8,0.3,0.1,0.0,0.025,0.7807989400580119,0.8433588833709873,0.8089639441893692,0.09876060743480253
2,0.1,0.8,0.3,0.1,0.0,0.05,0.7085486866656227,0.7897902791623584,0.7340614814521197,0.09876060743480253
2,0.1,0.8,0.3,0.1,0.025,0.0,0.7328415902532225,0.8056696041859789,0.7601292151010066,0.09876060743480253
2,0.1,0.8,0.3,0.1,0.025,0.025,0.6975249958927534,0.7748377053761795,0.7170633415173433,0.09876060743480253
2,0.1,0.8,0.3,0.1,0.025,0.05,0.6293113421059614,0.7219223425580643,0.6469389577182215,0.09876060743480253
2,0.1,0.8,0.3,0.1,0.05,0.0,0.6174869184322554,0.704808294675276,0.6338316974579297,0.09876060743480253
2,0.1,0.8,0.3,0.1,0.05,0.025,0.5833099805715396,0.6749439138632413,0.5949235401935601,0.09876060743480253
2,0.1,0.8,0.3,0.1,0.05,0.05,0.5221715614251922,0.6246022944262276,0.5325678700149974,0.09876060743480253
2,0.1,0.8,0.6,0.4,0.0,0.0,0.8105793040071791,0.8687315511225285,0.8426297265553365,0.09704046345076678
2,0.1,0.8,0.6,0.4,0.0,0.025,0.7351493164073644,0.8089813451911496,0.7623103191242897,0.09704046345076678
2,0.1,0.8,0.6,0.4,0.0,0.05,0.6279689388365848,0.7192067862954459,0.6449175971153711,0.09704046345076678
2,0.1,0.8,0.6,0.4,0.025,0.0,0.7455015693807225,0.8166780713979049,0.7695777188339192,0.09704046345076678
2,0.1,0.8,0.6,0.4,0.025,0.025,0.6716634180037006,0.7570158141604423,0.6953985799055127,0.09704046345076678
2,0.1,0.8,0.6,0.4,0.025,0.05,0.5686575845130541,0.6687411586726554,0.5840054504368174,0.09704046345076678
2,0.1,0.8,0.6,0.4,0.05,0.0,0.638084167104785,0.7286525776396312,0.6598391494154902,0.09704046345076678
2,0.1,0.8,0.6,0.4,0.05,0.025,0.5703317701032047,0.6707153753725668,0.5904860862953545,0.09704046345076678
2,0.1,0.8,0.6,0.4,0.05,0.05,0.47767202492546873,0.5869482399708555,0.49056422296124524,0.09704046345076678
2,0.1,0.9,0.3,0.1,0.0,0.0,0.9002561342510038,0.933303579447525,0.9159627694792207,0.09174378065171152
2,0.1,0.9,0.3,0.1,0.0,0.025,0.8654275772604442,0.9098274468894013,0.8865240368281667,0.09174378065171152
2,0.1,0.9,0.3,0.1,0.0,0.05,0.7928324275014417,0.862636303485786,0.8093164276508333,0.09174378065171152
2,0.1,0.9,0.3,0.1,0.025,0.0,0.8146053606770176,0.8811193822389957,0.8267096293778177,0.09174378065171152
2,0.1,0.9,0.3,0.1,0.025,0.025,0.7912920751710769,0.857172322112303,0.8019417098665916,0.09174378065171152
2,0.1,0.9,0.3,0.1,0.025,0.05,0.7397694281238445,0.8095688319260063,0.7509992427108091,0.09174378065171152
2,0.1,0.9,0.3,0.1,0.05,0.0,0.6843207946852231,0.7904117094523334,0.6915037710941353,0.09174378065171152
2,0.1,0.9,0.3,0.1,0.05,0.025,0.662058844392981,0.7663670545679248,0.6686578861485574,0.09174378065171152
2,0.1,0.9,0.3,0.1,0.05,0.05,0.6162939517371399,0.7193885920807751,0.6224368339834323,0.09174378065171152
2,0.1,0.9,0.6,0.4,0.0,0.0,0.9040938547175124,0.935823406936585,0.937521710696738,0.09752833121261895
2,0.1,0.9,0.6,0.4,0.0,0.025,0.8515185558643359,0.9006335615334121,0.8804342905955806,0.09752833121261895
2,0.1,0.9,0.6,0.4,0.0,0.05,0.7619255395266198,0.8346664767014566,0.7836903688033603,0.09752833121261895
2,0.1,0.9,0.6,0.4,0.025,0.0,0.8616041090489297,0.9055873700178388,0.8947248527636418,0.09752833121261895
2,0.1,0.9,0.6,0.4,0.025,0.025,0.8136751392402236,0.8699060679328022,0.838407708685212,0.09752833121261895
2,0.1,0.9,0.6,0.4,0.025,0.05,0.7258109684197771,0.8035687273957087,0.7435121044626573,0.09752833121261895
2,0.1,0.9,0.6,0.4,0.05,0.0,0.7730771944141068,0.8387001381671672,0.7985620302939882,0.09752833121261895
2,0.1,0.9,0.6,0.4,0.05,0.025,0.729566615525019,0.802628793050542,0.7517426119553221,0.09752833121261895
2,0.1,0.9,0.6,0.4,0.05,0.05,0.6462483227617662,0.7366973061399306,0.6620090786285378,0.09752833121261895
3,0.05,0.8,0.3,0.1,0.0,0.0,0.8018210243861342,0.8663095018142973,0.8088755302719194,0.048102372343553745
3,0.05,0.8,0.3,0.1,0.0,0.025,0.7321709328584599,0.8187852054761396,0.7474833504142107,0.048102372343553745
3,0.05,0.8,0.3,0.1,0.0,0.05,0.6219681712047863,0.7355956359154574,0.6315469389611946,0.048102372343553745
3,0.05,0.8,0.3,0.1,0.025,0.0,0.6797845178888948,0.7767507450157867,0.6829732425673641,0.048102372343553745
3,0.05,0.8,0.3,0.1,0.025,0.025,0.62625067987016,0.7292417357507397,0.6291882886936322,0.048102372343553745
3,0.05,0.8,0.3,0.1,0.025,0.05,0.5294388952739548,0.6482867269534587,0.5375926440569755,0.048102372343553745
3,0.05,0.8,0.3,0.1,0.05,0.0,0.5245459410141569,0.6446105872483618,0.5259793697317828,0.048102372343553745
3,0.05,0.8,0.3,0.1,0.05,0.025,0.47905919252752294,0.5998741607445954,0.480368319431992,0.048102372343553745
3,0.05,0.8,0.3,0.1,0.05,0.05,0.4077312616379052,0.5261068718616333,0.40884547043032415,0.048102372343553745
3,0.05,0.8,0.6,0.4,0.0,0.0,0.8080546025658857,0.8720728745983717,0.8303890622421713,0.049953225098781306
3,0.05,0.8,0.6,0.4,0.0,0.025,0.7129294458686789,0.8017238141686083,0.7300753297952705,0.049953225098781306
3,0.05,0.8,0.6,0.4,0.0,0.05,0.5805137909169185,0.6912266803782778,0.5922801269847733,0.049953225098781306
3,0.05,0.8,0.6,0.4,0.025,0.0,0.7200752052604551,0.8093741570590132,0.7386923816287926,0.049953225098781306
3,0.05,0.8,0.6,0.4,0.025,0.025,0.6309728139861202,0.738509406466127,0.6443602350196415,0.049953225098781306
3,0.05,0.8,0.6,0.4,0.025,0.05,0.508050844742024,0.6301210577208309,0.5169145538493313,0.049953225098781306
3,0.05,0.8,0.6,0.4,0.05,0.0,0.5815339631491969,0.6979086188154934,0.5965692265175709,0.049953225098781306
3,0.05,0.8,0.6,0.4,0.05,0.025,0.5042099003272462,0.6295004391805741,0.5142050895837195,0.049953225098781306
3,0.05,0.8,0.6,0.4,0.05,0.05,0.40005976644682884,0.5288364412645019,0.40582430727145424,0.049953225098781306
3,0.05,0.9,0.3,0.1,0.0,0.0,0.9020217995219643,0.9359994246663886,0.9182886058336776,0.04935905667428664
3,0.05,0.9,0.3,0.1,0.0,0.025,0.865350479033547,0.9143889067491656,0.8868847930956999,0.04935905667428664
3,0.05,0.9,0.3,0.1,0.0,0.05,0.7908561812376533,0.8658918002770799,0.8063812073511043,0.04935905667428664
3,0.05,0.9,0.3,0.1,0.025,0.0,0.8108525673145663,0.8756664635710774,0.8241061771617354,0.04935905667428664
3,0.05,0.9,0.3,0.1,0.025,0.025,0.7817939027048127,0.8532610902275948,0.7919221482478593,0.04935905667428664
3,0.05,0.9,0.3,0.1,0.025,0.05,0.713573712084404,0.8037567072663885,0.7228181558489941,0.04935905667428664
3,0.05,0.9,0.3,0.1,0.05,0.0,0.6623415718997506,0.7646436440124115,0.6689569415348521,0.04935905667428664
3,0.05,0.9,0.3,0.1,0.05,0.025,0.6345400456941532,0.7420002532078865,0.639806197110005,0.04935905667428664
3,0.05,0.9,0.3,0.1,0.05,0.05,0.573841994606099,0.6931597117861703,0.5786044029881646,0.04935905667428664
3,0.05,0.9,0.6,0.4,0.0,0.0,0.9009318047347221,0.9335367882266269,0.9219678399677177,0.04971131519036687
3,0.05,0.9,0.6,0.4,0.0,0.025,0.8272563553277028,0.8874091664160526,0.8434844948290604,0.04971131519036687
3,0.05,0.9,0.6,0.4,0.0,0.05,0.7042818235145839,0.7989973298831795,0.7138090001412233,0.04971131519036687
3,0.05,0.9,0.6,0.4,0.025,0.0,0.8328897686973893,0.8937121164735735,0.8527798286673156,0.04971131519036687
3,0.05,0.9,0.6,0.4,0.025,0.025,0.7724864874763502,0.8462635342312506,0.7888697946512835,0.04971131519036687
3,0.05,0.9,0.6,0.4,0.025,0.05,0.6571294758131709,0.7568952344961412,0.665186558096013,0.04971131519036687
3,0.05,0.9,0.6,0.4,0.05,0.0,0.6969990306979474,0.8029381150966174,0.711544408558263,0.04971131519036687
3,0.05,0.9,0.6,0.4,0.05,0.025,0.6413293311126268,0.7545558614600829,0.6530794947011567,0.04971131519036687
3,0.05,0.9,0.6,0.4,0.05,0.05,0.5447918575684079,0.6663841469966771,0.5530736119291266,0.04971131519036687
3,0.1,0.8,0.3,0.1,0.0,0.0,0.8084738311835737,0.8699326451230288,0.8473665543686857,0.09636096479128553
3,0.1,0.8,0.3,0.1,0.0,0.025,0.7677727914352016,0.8416291218597415,0.8068168221062297,0.09636096479128553
3,0.1,0.8,0.3,0.1,0.0,0.05,0.6972834761197029,0.7897248819215695,0.726330984074438,0.09636096479128553
3,0.1,0.8,0.3,0.1,0.025,0.0,0.7155852538865304,0.7984038658851207,0.7433682154384798,0.09636096479128553
3,0.1,0.8,0.3,0.1,0.025,0.025,0.6782566219887411,0.7694681845010944,0.7026869917400111,0.09636096479128553
3,0.1,0.8,0.3,0.1,0.025,0.05,0.611498765181429,0.7174053584872268,0.6335779528639098,0.09636096479128553
3,0.1,0.8,0.3,0.1,0.05,0.0,0.588544265286237,0.6899679227390293,0.6028472382969926,0.09636096479128553
3,0.1,0.8,0.3,0.1,0.05,0.025,0.5552655118826268,0.6615565345051115,0.5667139732529238,0.09636096479128553
3,0.1,0.8,0.3,0.1,0.05,0.05,0.4962409172376207,0.6116320338894595,0.5064724098295045,0.09636096479128553
3,0.1,0.8,0.6,0.4,0.0,0.0,0.809863255261866,0.8684038777260239,0.8590845310938868,0.09746505834707919
3,0.1,0.8,0.6,0.4,0.0,0.025,0.7333977954720226,0.8129382332551194,0.7755993011296785,0.09746505834707919
3,0.1,0.8,0.6,0.4,0.0,0.05,0.6217396135276114,0.7240362791843191,0.6575160338821163,0.09746505834707919
3,0.1,0.8,0.6,0.4,0.025,0.0,0.7466306353978779,0.8212018522592249,0.7860279482083986,0.09746505834707919
3,0.1,0.8,0.6,0.4,0.025,0.025,0.6744633414867504,0.7647000162252882,0.7059239108297624,0.09746505834707919
3,0.1,0.8,0.6,0.4,0.025,0.05,0.5674628260179387,0.6759872941697932,0.5939323203394024,0.09746505834707919
3,0.1,0.8,0.6,0.4,0.05,0.0,0.6345054175184079,0.734677176070881,0.6679862408717405,0.09746505834707919
3,0.1,0.8,0.6,0.4,0.05,0.025,0.5709103473897049,0.6784176076908145,0.5950329257919317,0.09746505834707919
3,0.1,0.8,0.6,0.4,0.05,0.05,0.4788432954809082,0.5927939226374763,0.4949866290969305,0.09746505834707919
3,0.1,0.9,0.3,0.1,0.0,0.0,0.901332385016542,0.9344513979802451,0.9170420649483398,0.09265677209350387
3,0.1,0.9,0.3,0.1,0.0,0.025,0.8630045405100021,0.911809821074449,0.8882937136813402,0.09265677209350387
3,0.1,0.9,0.3,0.1,0.0,0.05,0.7833395441159365,0.8628078310022105,0.8128802059826348,0.09265677209350387
3,0.1,0.9,0.3,0.1,0.025,0.0,0.8143828649088942,0.8874114997532937,0.8255417505417318,0.09265677209350387
3,0.1,0.9,0.3,0.1,0.025,0.025,0.7893578782074386,0.8638935078724799,0.7987597411360785,0.09265677209350387
3,0.1,0.9,0.3,0.1,0.025,0.05,0.7247403412682111,0.8137092533751588,0.7398912002746648,0.09265677209350387
3,0.1,0.9,0.3,0.1,0.05,0.0,0.6789716227651609,0.7988412811172199,0.6850466320170192,0.09265677209350387
3,0.1,0.9,0.3,0.1,0.05,0.025,0.6550823078438571,0.7746264120677889,0.6604630074982172,0.09265677209350387
3,0.1,0.9,0.3,0.1,0.05,0.05,0.6052945921651784,0.7241043183513183,0.6102663466513727,0.09265677209350387
3,0.1,0.9,0.6,0.4,0.0,0.0,0.9016136482167038,0.9335292615084795,0.9371740471062199,0.09655481344788563
3,0.1,0.9,0.6,0.4,0.0,0.025,0.8369754345591456,0.8972444757409714,0.867280610346551,0.09655481344788563
3,0.1,0.9,0.6,0.4,0.0,0.05,0.7263561751492752,0.8257179380997293,0.7483725842223167,0.09655481344788563
3,0.1,0.9,0.6,0.4,0.025,0.0,0.8465248164040103,0.9020401461395625,0.8794824264256096,0.09655481344788563
3,0.1,0.9,0.6,0.4,0.025,0.025,0.8007195709655299,0.864700859787941,0.826210762205066,0.09655481344788563
3,0.1,0.9,0.6,0.4,0.025,0.05,0.6961621217385595,0.7920563836979906,0.7127166141655902,0.09655481344788563
3,0.1,0.9,0.6,0.4,0.05,0.0,0.7365498748782321,0.8288485596762118,0.75912497574614,0.09655481344788563
3,0.1,0.9,0.6,0.4,0.05,0.025,0.6986336669130139,0.7902608500789884,0.717827435427088,0.09655481344788563
3,0.1,0.9,0.6,0.4,0.05,0.05,0.6068033323237383,0.717141780311352,0.6218496880340257,0.09655481344788563
4,0.05,0.8,0.3,0.1,0.0,0.0,0.8036812474185192,0.8703020158161232,0.8145683489679454,0.048900418319468786
4,0.05,0.8,0.3,0.1,0.0,0.025,0.7324191946681644,0.8238884702696619,0.7496910926208543,0.048900418319468786
4,0.05,0.8,0.3,0.1,0.0,0.05,0.6178349444830787,0.740042028587838,0.6283357066656263,0.048900418319468786
4,0.05,0.8,0.3,0.1,0.025,0.0,0.6781529342448257,0.7792231409777474,0.686216123202515,0.048900418319468786
4,0.05,0.8,0.3,0.1,0.025,0.025,0.6235996442991371,0.7323100932030234,0.6300118776369326,0.048900418319468786
4,0.05,0.8,0.3,0.1,0.025,0.05,0.5241091495790086,0.650138562268293,0.5330169421643423,0.048900418319468786
4,0.05,0.8,0.3,0.1,0.05,0.0,0.5184828740422638,0.6418168339296335,0.5239542260947847,0.048900418319468786
4,0.05,0.8,0.3,0.1,0.05,0.025,0.47233696242006823,0.5974067450925904,0.4765631633900136,0.048900418319468786
4,0.05,0.8,0.3,0.1,0.05,0.05,0.3988064772635479,0.522453478983123,0.40158217092161386,0.048900418319468786
4,0.05,0.8,0.6,0.4,0.0,0.0,0.8012172163087107,0.8701926638531743,0.8267142836011159,0.04970127448346762
4,0.05,0.8,0.6,0.4,0.0,0.025,0.6958540644846851,0.796944607439373,0.7112732518129894,0.04970127448346762
4,0.05,0.8,0.6,0.4,0.0,0.05,0.5463916147385489,0.6809655296565527,0.5544501997182143,0.04970127448346762
4,0.05,0.8,0.6,0.4,0.025,0.0,0.7101205400442553,0.806138314174902,0.7310941240810401,0.04970127448346762
4,0.05,0.8,0.6,0.4,0.025,0.025,0.609552883305975,0.7320474010887669,0.6230597528838125,0.04970127448346762
4,0.05,0.8,0.6,0.4,0.025,0.05,0.4721249287624893,0.618244564608043,0.4790881740920714,0.04970127448346762
4,0.05,0.8,0.6,0.4,0.05,0.0,0.5606877353677283,0.6903552999511682,0.5772477849269155,0.04970127448346762
4,0.05,0.8,0.6,0.4,0.05,0.025,0.4741708723487763,0.6188213996911135,0.4846778592006612,0.04970127448346762
4,0.05,0.8,0.6,0.4,0.05,0.05,0.3598327122836764,0.513641108856118,0.3651397895011572,0.04970127448346762
4,0.05,0.9,0.3,0.1,0.0,0.0,0.9009046213955433,0.936078129211908,0.9161253274158775,0.049966798801590606
4,0.05,0.9,0.3,0.1,0.0,0.025,0.8498087294881224,0.9134327104215005,0.8754811014777105,0.049966798801590606
4,0.05,0.9,0.3,0.1,0.0,0.05,0.7489973514866761,0.8618486035542398,0.7670224813248023,0.049966798801590606
4,0.05,0.9,0.3,0.1,0.025,0.0,0.8000311544889253,0.8762112152885422,0.8106306860685325,0.049966798801590606
4,0.05,0.9,0.3,0.1,0.025,0.025,0.774214517945099,0.8524370313772369,0.7821533746023858,0.049966798801590606
4,0.05,0.9,0.3,0.1,0.025,0.05,0.6875946315819093,0.7992660170571758,0.7033235414497704,0.049966798801590606
4,0.05,0.9,0.3,0.1,0.05,0.0,0.6423217363672666,0.7627513381280965,0.647137701659796,0.049966798801590606
4,0.05,0.9,0.3,0.1,0.05,0.025,0.6176934645443489,0.7384067497672259,0.6215579706765794,0.049966798801590606
4,0.05,0.9,0.3,0.1,0.05,0.05,0.5626478958508035,0.6854624355378082,0.5661680176727268,0.049966798801590606
4,0.05,0.9,0.6,0.4,0.0,0.0,0.9024250976856382,0.9343039312747817,0.9311573110313985,0.048822936172990605
4,0.05,0.9,0.6,0.4,0.0,0.025,0.8338598941551041,0.8904500635957567,0.8600441512766379,0.048822936172990605
4,0.05,0.9,0.6,0.4,0.0,0.05,0.7129675210696186,0.8021746494288434,0.7321505842661491,0.048822936172990605
4,0.05,0.9,0.6,0.4,0.025,0.0,0.8478012903093802,0.8999415947981289,0.8709295280333952,0.048822936172990605
4,0.05,0.9,0.6,0.4,0.025,0.025,0.7848359676652401,0.8545981640601753,0.8049358033003933,0.048822936172990605
4,0.05,0.9,0.6,0.4,0.025,0.05,0.6655110800835776,0.7649938170028184,0.6808362454722854,0.048822936172990605
4,0.05,0.9,0.6,0.4,0.05,0.0,0.7321355121971495,0.8157334955323945,0.7470814279473876,0.048822936172990605
4,0.05,0.9,0.6,0.4,0.05,0.025,0.6711207197270438,0.7687268327231743,0.6859261789047778,0.048822936172990605
4,0.05,0.9,0.6,0.4,0.05,0.05,0.5633790664780832,0.6792172904550124,0.5734893460338483,0.048822936172990605
4,0.1,0.8,0.3,0.1,0.0,0.0,0.8015041777219117,0.8666837432785458,0.8455494264380801,0.09892522089303624
4,0.1,0.8,0.3,0.1,0.0,0.025,0.760189381304959,0.8390938861635954,0.8044425412937808,0.09892522089303624
4,0.1,0.8,0.3,0.1,0.0,0.05,0.6869817535263868,0.7868166341335335,0.7195762006468791,0.09892522089303624
4,0.1,0.8,0.3,0.1,0.025,0.0,0.6964557099751991,0.7939184673314456,0.7267710050191287,0.09892522089303624
4,0.1,0.8,0.3,0.1,0.025,0.025,0.6655468237353915,0.765353651189831,0.688513043843708,0.09892522089303624
4,0.1,0.8,0.3,0.1,0.025,0.05,0.6000721978459453,0.7124708116444436,0.6207134362620322,0.09892522089303624
4,0.1,0.8,0.3,0.1,0.05,0.0,0.5576272074059795,0.6813326321700278,0.5731647734283306,0.09892522089303624
4,0.1,0.8,0.3,0.1,0.05,0.025,0.5286907229098058,0.6530426835008122,0.5397602464219775,0.09892522089303624
4,0.1,0.8,0.3,0.1,0.05,0.05,0.4719522625784083,0.6021252281888251,0.4818338179771505,0.09892522089303624
4,0.1,0.8,0.6,0.4,0.0,0.0,0.8016839553910972,0.8642943519050698,0.8444400929603431,0.09941685732586292
4,0.1,0.8,0.6,0.4,0.0,0.025,0.7202498919823597,0.8073397093185998,0.7523667822345488,0.09941685732586292
4,0.1,0.8,0.6,0.4,0.0,0.05,0.602431188421217,0.7145914452600407,0.624022603673482,0.09941685732586292
4,0.1,0.8,0.6,0.4,0.025,0.0,0.727465198904326,0.8088628809214337,0.7591479587314021,0.09941685732586292
4,0.1,0.8,0.6,0.4,0.025,0.025,0.6493037210629445,0.7505340107215998,0.6744799912896594,0.09941685732586292
4,0.1,0.8,0.6,0.4,0.025,0.05,0.5371012093178442,0.6580543506509802,0.5542279123684289,0.09941685732586292
4,0.1,0.8,0.6,0.4,0.05,0.0,0.6031800739369757,0.7086841303317256,0.6243083109094218,0.09941685732586292
4,0.1,0.8,0.6,0.4,0.05,0.025,0.533673689930624,0.6508955306961133,0.5533930011150755,0.09941685732586292
4,0.1,0.8,0.6,0.4,0.05,0.05,0.4365496489058984,0.5626940032162637,0.4485135416026731,0.09941685732586292
4,0.1,0.9,0.3,0.1,0.0,0.0,0.9008454026512774,0.9350892205662898,0.9182886058336776,0.0994230110351848
4,0.1,0.9,0.3,0.1,0.0,0.025,0.8598610968789635,0.9146781772585513,0.8839066392117361,0.0994230110351848
4,0.1,0.9,0.3,0.1,0.0,0.05,0.7784124379806162,0.8687060031279181,0.7968765617723431,0.0994230110351848
4,0.1,0.9,0.3,0.1,0.025,0.0,0.8001136371798147,0.8844296697150684,0.818891693586524,0.0994230110351848
4,0.1,0.9,0.3,0.1,0.025,0.025,0.7839168784155399,0.8629463522474043,0.7960677613109117,0.0994230110351848
4,0.1,0.9,0.3,0.1,0.025,0.05,0.7137958486330909,0.8153889982561662,0.7299707570896345,0.0994230110351848
4,0.1,0.9,0.3,0.1,0.05,0.0,0.6386432854138347,0.7874428486602433,0.6502389385074894,0.0994230110351848
4,0.1,0.9,0.3,0.1,0.05,0.025,0.6268026834709566,0.7650301064788738,0.6343948969017236,0.0994230110351848
4,0.1,0.9,0.3,0.1,0.05,0.05,0.5881531433551898,0.7167582507979808,0.5950020100935547,0.0994230110351848
4,0.1,0.9,0.6,0.4,0.0,0.0,0.900918232226979,0.9329198356127577,0.9311573110313985,0.0967227691956335
4,0.1,0.9,0.6,0.4,0.0,0.025,0.8275903368161595,0.8960803214353811,0.852832478577175,0.0967227691956335
4,0.1,0.9,0.6,0.4,0.0,0.05,0.7049997987367042,0.8216065716940968,0.7226376648682757,0.0967227691956335
4,0.1,0.9,0.6,0.4,0.025,0.0,0.8404918616464472,0.8990660614931295,0.8709295280333952,0.0967227691956335
4,0.1,0.9,0.6,0.4,0.025,0.025,0.7837395388706726,0.8607858295498776,0.8052224342315655,0.0967227691956335
4,0.1,0.9,0.6,0.4,0.025,0.05,0.675488935650439,0.7846936763269091,0.6904265423770838,0.0967227691956335
4,0.1,0.9,0.6,0.4,0.05,0.0,0.7176989421459696,0.8182385002447289,0.7378334614534425,0.0967227691956335
4,0.1,0.9,0.6,0.4,0.05,0.025,0.6689641707815266,0.7782608340090166,0.6859261789047778,0.0967227691956335
4,0.1,0.9,0.6,0.4,0.05,0.05,0.5702415716244037,0.701365422589882,0.5821442464182698,0.0967227691956335
