J,alpha,target,phi_E1,phi_E0,repetition,elapsed_seconds,retained_candidates
2,0.05,0.8,0.3,0.1,1,257.3355598000344,12906
2,0.05,0.8,0.3,0.1,2,191.17704189999495,12906
2,0.05,0.8,0.3,0.1,3,266.27909099997487,12906
2,0.05,0.8,0.3,0.1,4,266.8922040000325,12906
2,0.05,0.8,0.3,0.1,5,190.27027520001866,12906
2,0.05,0.8,0.3,0.1,6,177.213826399995,12906
2,0.05,0.8,0.3,0.1,7,200.31617900001584,12906
2,0.05,0.8,0.3,0.1,8,201.39827750000404,12906
2,0.05,0.8,0.3,0.1,9,230.80539790005423,12906
2,0.05,0.8,0.3,0.1,10,197.1748038000078,12906
2,0.05,0.8,0.3,0.1,11,205.90501889999723,12906
2,0.05,0.8,0.3,0.1,12,221.7502613000106,12906
2,0.05,0.8,0.3,0.1,13,186.73666449997108,12906
2,0.05,0.8,0.3,0.1,14,191.7078138999641,12906
2,0.05,0.8,0.3,0.1,15,181.5852260000538,12906
2,0.05,0.8,0.3,0.1,16,182.36678900005063,12906
2,0.05,0.8,0.3,0.1,17,180.58774039999116,12906
2,0.05,0.8,0.3,0.1,18,183.9744756,12906
2,0.05,0.8,0.3,0.1,19,185.0651732000406,12906
2,0.05,0.8,0.3,0.1,20,188.3697771000443,12906
2,0.05,0.8,0.6,0.4,1,94.50059660000261,8931
2,0.05,0.8,0.6,0.4,2,96.0530190000427,8931
2,0.05,0.8,0.6,0.4,3,106.43521229998441,8931
2,0.05,0.8,0.6,0.4,4,105.93094900000142,8931
2,0.05,0.8,0.6,0.4,5,105.28303140000207,8931
2,0.05,0.8,0.6,0.4,6,103.01033660001121,8931
2,0.05,0.8,0.6,0.4,7,103.3089274999802,8931
2,0.05,0.8,0.6,0.4,8,97.07012940000277,8931
2,0.05,0.8,0.6,0.4,9,104.76552860002266,8931
2,0.05,0.8,0.6,0.4,10,110.67163120000623,8931
2,0.05,0.8,0.6,0.4,11,107.61431189998984,8931
2,0.05,0.8,0.6,0.4,12,110.18008270004066,8931
2,0.05,0.8,0.6,0.4,13,111.22499209997477,8931
2,0.05,0.8,0.6,0.4,14,111.41338300000643,8931
2,0.05,0.8,0.6,0.4,15,108.77279189997353,8931
2,0.05,0.8,0.6,0.4,16,111.26194820000092,8931
2,0.05,0.8,0.6,0.4,17,111.1179972999962,8931
2,0.05,0.8,0.6,0.4,18,122.73398859996814,8931
2,0.05,0.8,0.6,0.4,19,121.20985069999006,8931
2,0.05,0.8,0.6,0.4,20,112.36737880000146,8931
2,0.05,0.9,0.3,0.1,1,77.18706139997812,9109
2,0.05,0.9,0.3,0.1,2,71.01876220002305,9109
2,0.05,0.9,0.3,0.1,3,73.8499138999614,9109
2,0.05,0.9,0.3,0.1,4,74.268053399981,9109
2,0.05,0.9,0.3,0.1,5,74.58384549996117,9109
2,0.05,0.9,0.3,0.1,6,77.05556320003234,9109
2,0.05,0.9,0.3,0.1,7,96.98511390003841,9109
2,0.05,0.9,0.3,0.1,8,97.79008770000655,9109
2,0.05,0.9,0.3,0.1,9,102.11481649999041,9109
2,0.05,0.9,0.3,0.1,10,98.4442049000063,9109
2,0.05,0.9,0.3,0.1,11,91.802789999987,9109
2,0.05,0.9,0.3,0.1,12,78.13603930000681,9109
2,0.05,0.9,0.3,0.1,13,88.4042150999885,9109
2,0.05,0.9,0.3,0.1,14,83.03070940001635,9109
2,0.05,0.9,0.3,0.1,15,72.81033920001937,9109
2,0.05,0.9,0.3,0.1,16,74.40084319998277,9109
2,0.05,0.9,0.3,0.1,17,72.87893000000622,9109
2,0.05,0.9,0.3,0.1,18,75.85715799999889,9109
2,0.05,0.9,0.3,0.1,19,78.32036769995466,9109
2,0.05,0.9,0.3,0.1,20,75.86101359996246,9109
2,0.05,0.9,0.6,0.4,1,41.5420746000018,5703
2,0.05,0.9,0.6,0.4,2,40.53772859997116,5703
2,0.05,0.9,0.6,0.4,3,41.3640626000124,5703
2,0.05,0.9,0.6,0.4,4,41.02562249999028,5703
2,0.05,0.9,0.6,0.4,5,41.28498810000019,5703
2,0.05,0.9,0.6,0.4,6,41.823519100027625,5703
2,0.05,0.9,0.6,0.4,7,42.79092050000327,5703
2,0.05,0.9,0.6,0.4,8,41.59153079998214,5703
2,0.05,0.9,0.6,0.4,9,42.61387120001018,5703
2,0.05,0.9,0.6,0.4,10,40.74690110003576,5703
2,0.05,0.9,0.6,0.4,11,42.23006869998062,5703
2,0.05,0.9,0.6,0.4,12,41.37576439999975,5703
2,0.05,0.9,0.6,0.4,13,42.610570100019686,5703
2,0.05,0.9,0.6,0.4,14,43.39202660002047,5703
2,0.05,0.9,0.6,0.4,15,41.129802600014955,5703
2,0.05,0.9,0.6,0.4,16,43.90416460001143,5703
2,0.05,0.9,0.6,0.4,17,42.66755100002047,5703
2,0.05,0.9,0.6,0.4,18,40.542502099997364,5703
2,0.05,0.9,0.6,0.4,19,40.22894980001729,5703
2,0.05,0.9,0.6,0.4,20,40.342387499986216,5703
2,0.1,0.8,0.3,0.1,1,268.7555119000026,16700
2,0.1,0.8,0.3,0.1,2,254.9575654999935,16700
2,0.1,0.8,0.3,0.1,3,230.7195148000028,16700
2,0.1,0.8,0.3,0.1,4,246.5857829999877,16700
2,0.1,0.8,0.3,0.1,5,232.11256959999446,16700
2,0.1,0.8,0.3,0.1,6,235.83497379999608,16700
2,0.1,0.8,0.3,0.1,7,222.77479019999737,16700
2,0.1,0.8,0.3,0.1,8,215.77453559997957,16700
2,0.1,0.8,0.3,0.1,9,221.54013989999657,16700
2,0.1,0.8,0.3,0.1,10,229.85731910000322,16700
2,0.1,0.8,0.3,0.1,11,234.35855279996758,16700
2,0.1,0.8,0.3,0.1,12,223.6796561999945,16700
2,0.1,0.8,0.3,0.1,13,215.01470269996207,16700
2,0.1,0.8,0.3,0.1,14,222.01979770004982,16700
2,0.1,0.8,0.3,0.1,15,259.5471336999908,16700
2,0.1,0.8,0.3,0.1,16,257.14917420002166,16700
2,0.1,0.8,0.3,0.1,17,356.6626467999886,16700
2,0.1,0.8,0.3,0.1,18,338.1709795999923,16700
2,0.1,0.8,0.3,0.1,19,350.46687070000917,16700
2,0.1,0.8,0.3,0.1,20,354.29513990000123,16700
2,0.1,0.8,0.6,0.4,1,185.45500839996384,12813
2,0.1,0.8,0.6,0.4,2,193.0772844000021,12813
2,0.1,0.8,0.6,0.4,3,203.33502529998077,12813
2,0.1,0.8,0.6,0.4,4,200.09524679998867,12813
2,0.1,0.8,0.6,0.4,5,180.24639730004128,12813
2,0.1,0.8,0.6,0.4,6,175.96512830001302,12813
2,0.1,0.8,0.6,0.4,7,181.00666860002093,12813
2,0.1,0.8,0.6,0.4,8,184.02648930001305,12813
2,0.1,0.8,0.6,0.4,9,183.94001719995867,12813
2,0.1,0.8,0.6,0.4,10,176.81529719999526,12813
2,0.1,0.8,0.6,0.4,11,179.43783390003955,12813
2,0.1,0.8,0.6,0.4,12,179.90068929997506,12813
2,0.1,0.8,0.6,0.4,13,183.70025609998265,12813
2,0.1,0.8,0.6,0.4,14,182.19157580001047,12813
2,0.1,0.8,0.6,0.4,15,181.76806339999894,12813
2,0.1,0.8,0.6,0.4,16,186.33524960000068,12813
2,0.1,0.8,0.6,0.4,17,190.0212561999797,12813
2,0.1,0.8,0.6,0.4,18,184.25317670003278,12813
2,0.1,0.8,0.6,0.4,19,182.855207399989,12813
2,0.1,0.8,0.6,0.4,20,191.74454609997338,12813
2,0.1,0.9,0.3,0.1,1,283.8323681000038,12265
2,0.1,0.9,0.3,0.1,2,285.84601139998995,12265
2,0.1,0.9,0.3,0.1,3,397.68475709995255,12265
2,0.1,0.9,0.3,0.1,4,392.66928549995646,12265
2,0.1,0.9,0.3,0.1,5,438.0460032999981,12265
2,0.1,0.9,0.3,0.1,6,454.3885782000143,12265
2,0.1,0.9,0.3,0.1,7,350.8955493000103,12265
2,0.1,0.9,0.3,0.1,8,360.2685353999841,12265
2,0.1,0.9,0.3,0.1,9,228.31133759999648,12265
2,0.1,0.9,0.3,0.1,10,218.04104929999448,12265
2,0.1,0.9,0.3,0.1,11,218.77032310003415,12265
2,0.1,0.9,0.3,0.1,12,230.0685728000244,12265
2,0.1,0.9,0.3,0.1,13,226.4158585999976,12265
2,0.1,0.9,0.3,0.1,14,223.002984700026,12265
2,0.1,0.9,0.3,0.1,15,246.47410699998727,12265
2,0.1,0.9,0.3,0.1,16,293.19937749998644,12265
2,0.1,0.9,0.3,0.1,17,255.63580220000586,12265
2,0.1,0.9,0.3,0.1,18,270.80445319996215,12265
2,0.1,0.9,0.3,0.1,19,230.6484565999708,12265
2,0.1,0.9,0.3,0.1,20,214.28203659999417,12265
2,0.1,0.9,0.6,0.4,1,79.5676206999924,8800
2,0.1,0.9,0.6,0.4,2,81.61262229998829,8800
2,0.1,0.9,0.6,0.4,3,81.92097070004093,8800
2,0.1,0.9,0.6,0.4,4,81.39958109997679,8800
2,0.1,0.9,0.6,0.4,5,79.46439539996209,8800
2,0.1,0.9,0.6,0.4,6,80.32718379999278,8800
2,0.1,0.9,0.6,0.4,7,79.25054590002401,8800
2,0.1,0.9,0.6,0.4,8,80.65636709996033,8800
2,0.1,0.9,0.6,0.4,9,78.76316569995834,8800
2,0.1,0.9,0.6,0.4,10,81.5900224999641,8800
2,0.1,0.9,0.6,0.4,11,79.24823169998126,8800
2,0.1,0.9,0.6,0.4,12,79.50962939998135,8800
2,0.1,0.9,0.6,0.4,13,77.86014899995644,8800
2,0.1,0.9,0.6,0.4,14,80.74752279999666,8800
2,0.1,0.9,0.6,0.4,15,79.65684409998357,8800
2,0.1,0.9,0.6,0.4,16,78.77653020003345,8800
2,0.1,0.9,0.6,0.4,17,76.99330230004853,8800
2,0.1,0.9,0.6,0.4,18,79.14371579996077,8800
2,0.1,0.9,0.6,0.4,19,80.50277160003316,8800
2,0.1,0.9,0.6,0.4,20,82.0685078999959,8800
3,0.05,0.8,0.3,0.1,1,364.9697479000315,23649
3,0.05,0.8,0.3,0.1,2,367.7541913000168,23649
3,0.05,0.8,0.3,0.1,3,361.8401309999754,23649
3,0.05,0.8,0.3,0.1,4,378.6684018000378,23649
3,0.05,0.8,0.3,0.1,5,372.70615039998665,23649
3,0.05,0.8,0.3,0.1,6,372.8791456000181,23649
3,0.05,0.8,0.3,0.1,7,370.25244509999175,23649
3,0.05,0.8,0.3,0.1,8,374.4507003999897,23649
3,0.05,0.8,0.3,0.1,9,365.00783150002826,23649
3,0.05,0.8,0.3,0.1,10,373.3477505000192,23649
3,0.05,0.8,0.3,0.1,11,362.6726796000148,23649
3,0.05,0.8,0.3,0.1,12,371.15225749998353,23649
3,0.05,0.8,0.3,0.1,13,339.48792460002005,23649
3,0.05,0.8,0.3,0.1,14,349.25824809999904,23649
3,0.05,0.8,0.3,0.1,15,342.49015899997903,23649
3,0.05,0.8,0.3,0.1,16,367.5229840000393,23649
3,0.05,0.8,0.3,0.1,17,387.42200530000264,23649
3,0.05,0.8,0.3,0.1,18,392.3207380999811,23649
3,0.05,0.8,0.3,0.1,19,378.4855007000151,23649
3,0.05,0.8,0.3,0.1,20,377.6243685000227,23649
3,0.05,0.8,0.6,0.4,1,195.06868089997442,16560
3,0.05,0.8,0.6,0.4,2,189.2016888000071,16560
3,0.05,0.8,0.6,0.4,3,191.74671849998413,16560
3,0.05,0.8,0.6,0.4,4,194.88905459997477,16560
3,0.05,0.8,0.6,0.4,5,194.79448189999675,16560
3,0.05,0.8,0.6,0.4,6,191.7898286000127,16560
3,0.05,0.8,0.6,0.4,7,189.28378750005504,16560
3,0.05,0.8,0.6,0.4,8,191.42178410000633,16560
3,0.05,0.8,0.6,0.4,9,197.72420920000877,16560
3,0.05,0.8,0.6,0.4,10,190.2771991000045,16560
3,0.05,0.8,0.6,0.4,11,187.10472410003422,16560
3,0.05,0.8,0.6,0.4,12,189.48519289999967,16560
3,0.05,0.8,0.6,0.4,13,192.91458839998813,16560
3,0.05,0.8,0.6,0.4,14,189.20688680000603,16560
3,0.05,0.8,0.6,0.4,15,187.6487803000491,16560
3,0.05,0.8,0.6,0.4,16,190.92021110001951,16560
3,0.05,0.8,0.6,0.4,17,196.79409479995957,16560
3,0.05,0.8,0.6,0.4,18,192.23059689998627,16560
3,0.05,0.8,0.6,0.4,19,189.04421680001542,16560
3,0.05,0.8,0.6,0.4,20,190.62006280000787,16560
3,0.05,0.9,0.3,0.1,1,141.97655169997597,16515
3,0.05,0.9,0.3,0.1,2,137.14523869997356,16515
3,0.05,0.9,0.3,0.1,3,136.69878430000972,16515
3,0.05,0.9,0.3,0.1,4,138.95197250001365,16515
3,0.05,0.9,0.3,0.1,5,140.43118359998334,16515
3,0.05,0.9,0.3,0.1,6,143.8449052000069,16515
3,0.05,0.9,0.3,0.1,7,142.90361809998285,16515
3,0.05,0.9,0.3,0.1,8,144.05853260000004,16515
3,0.05,0.9,0.3,0.1,9,143.81252969999332,16515
3,0.05,0.9,0.3,0.1,10,140.1528231999837,16515
3,0.05,0.9,0.3,0.1,11,139.93534260004526,16515
3,0.05,0.9,0.3,0.1,12,139.04207660001703,16515
3,0.05,0.9,0.3,0.1,13,144.40443470003083,16515
3,0.05,0.9,0.3,0.1,14,145.10116399999242,16515
3,0.05,0.9,0.3,0.1,15,144.9750256999978,16515
3,0.05,0.9,0.3,0.1,16,146.01986360002775,16515
3,0.05,0.9,0.3,0.1,17,144.04903469997225,16515
3,0.05,0.9,0.3,0.1,18,145.08702529995935,16515
3,0.05,0.9,0.3,0.1,19,145.4954789999756,16515
3,0.05,0.9,0.3,0.1,20,148.46685780002736,16515
3,0.05,0.9,0.6,0.4,1,56.0420468999655,10483
3,0.05,0.9,0.6,0.4,2,53.906411100004334,10483
3,0.05,0.9,0.6,0.4,3,53.37885370000731,10483
3,0.05,0.9,0.6,0.4,4,54.926834899990354,10483
3,0.05,0.9,0.6,0.4,5,56.41575859999284,10483
3,0.05,0.9,0.6,0.4,6,55.677950599987525,10483
3,0.05,0.9,0.6,0.4,7,54.21840209997026,10483
3,0.05,0.9,0.6,0.4,8,55.098501300031785,10483
3,0.05,0.9,0.6,0.4,9,56.6908522999729,10483
3,0.05,0.9,0.6,0.4,10,55.55529009999009,10483
3,0.05,0.9,0.6,0.4,11,53.613508000038564,10483
3,0.05,0.9,0.6,0.4,12,54.11590959999012,10483
3,0.05,0.9,0.6,0.4,13,56.08461309998529,10483
3,0.05,0.9,0.6,0.4,14,55.23794789996464,10483
3,0.05,0.9,0.6,0.4,15,54.598244000051636,10483
3,0.05,0.9,0.6,0.4,16,55.12103050004225,10483
3,0.05,0.9,0.6,0.4,17,55.29969709995203,10483
3,0.05,0.9,0.6,0.4,18,57.226110699994024,10483
3,0.05,0.9,0.6,0.4,19,55.10110989998793,10483
3,0.05,0.9,0.6,0.4,20,56.60778570000548,10483
3,0.1,0.8,0.3,0.1,1,734.0605951999896,30845
3,0.1,0.8,0.3,0.1,2,857.7251827999717,30845
3,0.1,0.8,0.3,0.1,3,854.8745391000411,30845
3,0.1,0.8,0.3,0.1,4,706.3488231000374,30845
3,0.1,0.8,0.3,0.1,5,669.8178664000006,30845
3,0.1,0.8,0.3,0.1,6,705.9641276000184,30845
3,0.1,0.8,0.3,0.1,7,690.3707000000286,30845
3,0.1,0.8,0.3,0.1,8,687.8732278000098,30845
3,0.1,0.8,0.3,0.1,9,645.4150269000093,30845
3,0.1,0.8,0.3,0.1,10,751.8840660999995,30845
3,0.1,0.8,0.3,0.1,11,752.7226392999873,30845
3,0.1,0.8,0.3,0.1,12,768.0894764999975,30845
3,0.1,0.8,0.3,0.1,13,705.6643908999977,30845
3,0.1,0.8,0.3,0.1,14,769.7962946000043,30845
3,0.1,0.8,0.3,0.1,15,696.1044515999965,30845
3,0.1,0.8,0.3,0.1,16,699.3055629999726,30845
3,0.1,0.8,0.3,0.1,17,678.1462547000265,30845
3,0.1,0.8,0.3,0.1,18,811.436983099964,30845
3,0.1,0.8,0.3,0.1,19,777.149697899993,30845
3,0.1,0.8,0.3,0.1,20,793.0387054999592,30845
3,0.1,0.8,0.6,0.4,1,418.5896203999873,23897
3,0.1,0.8,0.6,0.4,2,419.5612220999901,23897
3,0.1,0.8,0.6,0.4,3,418.18637130002026,23897
3,0.1,0.8,0.6,0.4,4,384.92364739999175,23897
3,0.1,0.8,0.6,0.4,5,375.1308451999794,23897
3,0.1,0.8,0.6,0.4,6,409.4177800999605,23897
3,0.1,0.8,0.6,0.4,7,410.9504186999984,23897
3,0.1,0.8,0.6,0.4,8,392.1790301000001,23897
3,0.1,0.8,0.6,0.4,9,387.84861310000997,23897
3,0.1,0.8,0.6,0.4,10,391.42675629997393,23897
3,0.1,0.8,0.6,0.4,11,397.6169384000241,23897
3,0.1,0.8,0.6,0.4,12,386.63544260000344,23897
3,0.1,0.8,0.6,0.4,13,390.5293426999706,23897
3,0.1,0.8,0.6,0.4,14,401.39534529997036,23897
3,0.1,0.8,0.6,0.4,15,399.55044739996083,23897
3,0.1,0.8,0.6,0.4,16,402.219174799975,23897
3,0.1,0.8,0.6,0.4,17,384.61335640004836,23897
3,0.1,0.8,0.6,0.4,18,394.92599709995557,23897
3,0.1,0.8,0.6,0.4,19,398.68368439999176,23897
3,0.1,0.8,0.6,0.4,20,402.76303039997583,23897
3,0.1,0.9,0.3,0.1,1,401.3748147000442,22458
3,0.1,0.9,0.3,0.1,2,389.89889120002044,22458
3,0.1,0.9,0.3,0.1,3,390.8500681000296,22458
3,0.1,0.9,0.3,0.1,4,404.1610999999684,22458
3,0.1,0.9,0.3,0.1,5,397.84271110000554,22458
3,0.1,0.9,0.3,0.1,6,384.4173615000327,22458
3,0.1,0.9,0.3,0.1,7,389.35676269995747,22458
3,0.1,0.9,0.3,0.1,8,393.5723457999993,22458
3,0.1,0.9,0.3,0.1,9,386.4643199000275,22458
3,0.1,0.9,0.3,0.1,10,373.2900466999854,22458
3,0.1,0.9,0.3,0.1,11,388.3834268999635,22458
3,0.1,0.9,0.3,0.1,12,411.2840431999648,22458
3,0.1,0.9,0.3,0.1,13,406.85164409998106,22458
3,0.1,0.9,0.3,0.1,14,365.2195047000423,22458
3,0.1,0.9,0.3,0.1,15,365.4989387000096,22458
3,0.1,0.9,0.3,0.1,16,377.01005219999934,22458
3,0.1,0.9,0.3,0.1,17,376.21513680001954,22458
3,0.1,0.9,0.3,0.1,18,385.85423480003374,22458
3,0.1,0.9,0.3,0.1,19,386.4560634000227,22458
3,0.1,0.9,0.3,0.1,20,417.3260358000407,22458
3,0.1,0.9,0.6,0.4,1,129.14613219996681,16282
3,0.1,0.9,0.6,0.4,2,134.1866749000037,16282
3,0.1,0.9,0.6,0.4,3,133.1311639000196,16282
3,0.1,0.9,0.6,0.4,4,132.3174311000039,16282
3,0.1,0.9,0.6,0.4,5,126.09609719994478,16282
3,0.1,0.9,0.6,0.4,6,132.35764240002027,16282
3,0.1,0.9,0.6,0.4,7,128.97195009997813,16282
3,0.1,0.9,0.6,0.4,8,129.54094169999007,16282
3,0.1,0.9,0.6,0.4,9,127.36879849998513,16282
3,0.1,0.9,0.6,0.4,10,134.45758069999283,16282
3,0.1,0.9,0.6,0.4,11,131.42769229999976,16282
3,0.1,0.9,0.6,0.4,12,133.94012749998365,16282
3,0.1,0.9,0.6,0.4,13,130.99480049998965,16282
3,0.1,0.9,0.6,0.4,14,134.89241999998922,16282
3,0.1,0.9,0.6,0.4,15,130.11179370002355,16282
3,0.1,0.9,0.6,0.4,16,129.00234810000984,16282
3,0.1,0.9,0.6,0.4,17,127.75215459999163,16282
3,0.1,0.9,0.6,0.4,18,138.54527050000615,16282
3,0.1,0.9,0.6,0.4,19,133.60186039999826,16282
3,0.1,0.9,0.6,0.4,20,133.041472300014,16282
4,0.05,0.8,0.3,0.1,1,1258.7306956000393,34392
4,0.05,0.8,0.3,0.1,2,1192.4173851000378,34392
4,0.05,0.8,0.3,0.1,3,1185.9795083000208,34392
4,0.05,0.8,0.3,0.1,4,1202.806738400017,34392
4,0.05,0.8,0.3,0.1,5,1129.9069890999817,34392
4,0.05,0.8,0.3,0.1,6,1104.3165143000078,34392
4,0.05,0.8,0.3,0.1,7,1096.1806640999857,34392
4,0.05,0.8,0.3,0.1,8,1155.765511900012,34392
4,0.05,0.8,0.3,0.1,9,1103.9258042000001,34392
4,0.05,0.8,0.3,0.1,10,1061.6150038999622,34392
4,0.05,0.8,0.3,0.1,11,1061.496967300016,34392
4,0.05,0.8,0.3,0.1,12,1077.7736760000116,34392
4,0.05,0.8,0.3,0.1,13,1092.7570182000054,34392
4,0.05,0.8,0.3,0.1,14,1097.676081899961,34392
4,0.05,0.8,0.3,0.1,15,1100.8810864000116,34392
4,0.05,0.8,0.3,0.1,16,1131.8252088999725,34392
4,0.05,0.8,0.3,0.1,17,1134.8699858000036,34392
4,0.05,0.8,0.3,0.1,18,1123.041015099967,34392
4,0.05,0.8,0.3,0.1,19,1150.9957493999973,34392
4,0.05,0.8,0.3,0.1,20,1143.3880140000256,34392
4,0.05,0.8,0.6,0.4,1,490.40942699997686,24189
4,0.05,0.8,0.6,0.4,2,506.8819553999929,24189
4,0.05,0.8,0.6,0.4,3,514.5214681000216,24189
4,0.05,0.8,0.6,0.4,4,502.88998059998266,24189
4,0.05,0.8,0.6,0.4,5,490.6456943000085,24189
4,0.05,0.8,0.6,0.4,6,501.29783579998184,24189
4,0.05,0.8,0.6,0.4,7,522.8600031999522,24189
4,0.05,0.8,0.6,0.4,8,522.3973410000326,24189
4,0.05,0.8,0.6,0.4,9,492.4122011999716,24189
4,0.05,0.8,0.6,0.4,10,487.2036034000339,24189
4,0.05,0.8,0.6,0.4,11,525.6706922999583,24189
4,0.05,0.8,0.6,0.4,12,523.7579056000104,24189
4,0.05,0.8,0.6,0.4,13,499.63655950000975,24189
4,0.05,0.8,0.6,0.4,14,485.43129020003835,24189
4,0.05,0.8,0.6,0.4,15,522.7728292999673,24189
4,0.05,0.8,0.6,0.4,16,521.7566518000094,24189
4,0.05,0.8,0.6,0.4,17,502.8295130999759,24189
4,0.05,0.8,0.6,0.4,18,506.82421649998287,24189
4,0.05,0.8,0.6,0.4,19,507.5424868000555,24189
4,0.05,0.8,0.6,0.4,20,510.1272418000153,24189
4,0.05,0.9,0.3,0.1,1,467.1011947999941,23921
4,0.05,0.9,0.3,0.1,2,459.48360389994923,23921
4,0.05,0.9,0.3,0.1,3,457.260713799973,23921
4,0.05,0.9,0.3,0.1,4,480.1524156999658,23921
4,0.05,0.9,0.3,0.1,5,491.12359870004,23921
4,0.05,0.9,0.3,0.1,6,480.947010200005,23921
4,0.05,0.9,0.3,0.1,7,457.70170760003384,23921
4,0.05,0.9,0.3,0.1,8,426.45366639998974,23921
4,0.05,0.9,0.3,0.1,9,423.4255035999813,23921
4,0.05,0.9,0.3,0.1,10,426.83619509998243,23921
4,0.05,0.9,0.3,0.1,11,421.17835489998106,23921
4,0.05,0.9,0.3,0.1,12,430.9296160999802,23921
4,0.05,0.9,0.3,0.1,13,447.7760861000279,23921
4,0.05,0.9,0.3,0.1,14,423.60878450004384,23921
4,0.05,0.9,0.3,0.1,15,419.5457208000007,23921
4,0.05,0.9,0.3,0.1,16,420.2373810999561,23921
4,0.05,0.9,0.3,0.1,17,430.5291025000042,23921
4,0.05,0.9,0.3,0.1,18,426.1069160999614,23921
4,0.05,0.9,0.3,0.1,19,427.06208719999995,23921
4,0.05,0.9,0.3,0.1,20,412.8421667999937,23921
4,0.05,0.9,0.6,0.4,1,402.65499559999444,15263
4,0.05,0.9,0.6,0.4,2,393.1049893000163,15263
4,0.05,0.9,0.6,0.4,3,401.06887279998045,15263
4,0.05,0.9,0.6,0.4,4,403.1018219999969,15263
4,0.05,0.9,0.6,0.4,5,381.24491589999525,15263
4,0.05,0.9,0.6,0.4,6,384.39320069999667,15263
4,0.05,0.9,0.6,0.4,7,389.2294832000043,15263
4,0.05,0.9,0.6,0.4,8,396.01326320000226,15263
4,0.05,0.9,0.6,0.4,9,391.6757652000524,15263
4,0.05,0.9,0.6,0.4,10,395.69613619998563,15263
4,0.05,0.9,0.6,0.4,11,399.72718410001835,15263
4,0.05,0.9,0.6,0.4,12,400.6279396000318,15263
4,0.05,0.9,0.6,0.4,13,390.5290014000493,15263
4,0.05,0.9,0.6,0.4,14,389.83639269997366,15263
4,0.05,0.9,0.6,0.4,15,395.3009794999962,15263
4,0.05,0.9,0.6,0.4,16,399.1761327999993,15263
4,0.05,0.9,0.6,0.4,17,385.7107371999882,15263
4,0.05,0.9,0.6,0.4,18,391.7747960999841,15263
4,0.05,0.9,0.6,0.4,19,393.71607720002066,15263
4,0.05,0.9,0.6,0.4,20,400.11720140004763,15263
4,0.1,0.8,0.3,0.1,1,767.0188436000026,44990
4,0.1,0.8,0.3,0.1,2,768.6453138000215,44990
4,0.1,0.8,0.3,0.1,3,760.1947432000306,44990
4,0.1,0.8,0.3,0.1,4,814.2572154999943,44990
4,0.1,0.8,0.3,0.1,5,796.7028864999884,44990
4,0.1,0.8,0.3,0.1,6,766.8615073999972,44990
4,0.1,0.8,0.3,0.1,7,765.2051059000078,44990
4,0.1,0.8,0.3,0.1,8,768.516495399992,44990
4,0.1,0.8,0.3,0.1,9,717.1634741000016,44990
4,0.1,0.8,0.3,0.1,10,708.1661471999832,44990
4,0.1,0.8,0.3,0.1,11,705.0592838000157,44990
4,0.1,0.8,0.3,0.1,12,705.0232331000152,44990
4,0.1,0.8,0.3,0.1,13,684.6606055999873,44990
4,0.1,0.8,0.3,0.1,14,689.2401751000434,44990
4,0.1,0.8,0.3,0.1,15,691.4952912000008,44990
4,0.1,0.8,0.3,0.1,16,707.7943799999775,44990
4,0.1,0.8,0.3,0.1,17,688.4661878999905,44990
4,0.1,0.8,0.3,0.1,18,686.7108967000386,44990
4,0.1,0.8,0.3,0.1,19,678.4243122999906,44990
4,0.1,0.8,0.3,0.1,20,714.0804681999725,44990
4,0.1,0.8,0.6,0.4,1,801.9382815000135,34981
4,0.1,0.8,0.6,0.4,2,829.5032047000132,34981
4,0.1,0.8,0.6,0.4,3,879.4597555999644,34981
4,0.1,0.8,0.6,0.4,4,873.6876043000375,34981
4,0.1,0.8,0.6,0.4,5,852.3174649000284,34981
4,0.1,0.8,0.6,0.4,6,895.0911676000105,34981
4,0.1,0.8,0.6,0.4,7,903.8603603999945,34981
4,0.1,0.8,0.6,0.4,8,898.8422144000069,34981
4,0.1,0.8,0.6,0.4,9,888.5757584000239,34981
4,0.1,0.8,0.6,0.4,10,915.2849305000273,34981
4,0.1,0.8,0.6,0.4,11,931.321795900003,34981
4,0.1,0.8,0.6,0.4,12,923.8237350999843,34981
4,0.1,0.8,0.6,0.4,13,922.2354225000017,34981
4,0.1,0.8,0.6,0.4,14,927.5761117000366,34981
4,0.1,0.8,0.6,0.4,15,953.9849845999852,34981
4,0.1,0.8,0.6,0.4,16,950.0836280000512,34981
4,0.1,0.8,0.6,0.4,17,907.9153918999946,34981
4,0.1,0.8,0.6,0.4,18,905.2539100000286,34981
4,0.1,0.8,0.6,0.4,19,931.8942079999833,34981
4,0.1,0.8,0.6,0.4,20,932.254608999996,34981
4,0.1,0.9,0.3,0.1,1,891.7398522000294,32651
4,0.1,0.9,0.3,0.1,2,901.8165053999983,32651
4,0.1,0.9,0.3,0.1,3,900.6477443000185,32651
4,0.1,0.9,0.3,0.1,4,862.4353737999918,32651
4,0.1,0.9,0.3,0.1,5,850.0729590999545,32651
4,0.1,0.9,0.3,0.1,6,882.9953480999684,32651
4,0.1,0.9,0.3,0.1,7,878.6283395999926,32651
4,0.1,0.9,0.3,0.1,8,858.1577607999789,32651
4,0.1,0.9,0.3,0.1,9,837.320191900013,32651
4,0.1,0.9,0.3,0.1,10,879.7800619999762,32651
4,0.1,0.9,0.3,0.1,11,870.0086006000056,32651
4,0.1,0.9,0.3,0.1,12,864.4715233999887,32651
4,0.1,0.9,0.3,0.1,13,830.0789655000553,32651
4,0.1,0.9,0.3,0.1,14,860.4754574999679,32651
4,0.1,0.9,0.3,0.1,15,860.2271284000017,32651
4,0.1,0.9,0.3,0.1,16,861.5420241000247,32651
4,0.1,0.9,0.3,0.1,17,839.8296316000051,32651
4,0.1,0.9,0.3,0.1,18,866.4075792999938,32651
4,0.1,0.9,0.3,0.1,19,874.6550120000029,32651
4,0.1,0.9,0.3,0.1,20,866.451112699986,32651
4,0.1,0.9,0.6,0.4,1,2628.118369700038,23764
4,0.1,0.9,0.6,0.4,2,2624.090087999997,23764
4,0.1,0.9,0.6,0.4,3,2723.95074260002,23764
4,0.1,0.9,0.6,0.4,4,2729.995047900011,23764
4,0.1,0.9,0.6,0.4,5,2681.202770099975,23764
4,0.1,0.9,0.6,0.4,6,2671.1211777999997,23764
4,0.1,0.9,0.6,0.4,7,2711.970478000003,23764
4,0.1,0.9,0.6,0.4,8,2719.394710899971,23764
4,0.1,0.9,0.6,0.4,9,2640.7811171999783,23764
4,0.1,0.9,0.6,0.4,10,2629.117694000015,23764
4,0.1,0.9,0.6,0.4,11,2673.8712139999843,23764
4,0.1,0.9,0.6,0.4,12,2700.7707287000376,23764
4,0.1,0.9,0.6,0.4,13,2660.5715664000018,23764
4,0.1,0.9,0.6,0.4,14,2646.3142798999907,23764
4,0.1,0.9,0.6,0.4,15,2670.5202220999636,23764
4,0.1,0.9,0.6,0.4,16,2684.9236743999645,23764
4,0.1,0.9,0.6,0.4,17,2644.7479095999734,23764
4,0.1,0.9,0.6,0.4,18,2630.296227200015,23764
4,0.1,0.9,0.6,0.4,19,2586.606826800038,23764
4,0.1,0.9,0.6,0.4,20,2608.245612400002,23764
