J,alpha,target,phi_E1,phi_E0,method,total_n,sample_ratio_to_tabata,power_excess,min_g1,mean_g1,min_g2,source
2,0.05,0.8,0.3,0.1,MERIT,98,0.9074074074074074,0.021239999999999926,0.82124,0.8695966666666667,0.83898,"local MERIT R implementation 1.0.0; common Bernoulli OC, 100000 trials/scenario"
2,0.05,0.8,0.3,0.1,Tabata,108,1.0,0.036953928040484696,0.8369539280404847,0.8868435125031385,0.8532431505154853,local exact engine
2,0.05,0.8,0.3,0.1,ROED-EA,108,1.0,0.036953928040484696,0.8369539280404847,0.8868435125031385,0.8532431505154853,local exact engine
2,0.05,0.8,0.3,0.1,ROED-B,105,0.9722222222222222,0.030272309548336596,0.8302723095483366,0.8821285066031274,0.8455494264380801,local exact engine
2,0.05,0.8,0.3,0.1,ROED,104,0.9629629629629629,0.0339314814062629,0.8339314814062629,0.8838977344275181,0.8501618794896283,local exact engine
2,0.05,0.8,0.6,0.4,MERIT,126,0.984375,0.015249999999999986,0.81525,0.8659866666666667,0.83674,"local MERIT R implementation 1.0.0; common Bernoulli OC, 100000 trials/scenario"
2,0.05,0.8,0.6,0.4,Tabata,128,1.0,0.006138890147085352,0.8061388901470854,0.8628879727489799,0.820584707001142,local exact engine
2,0.05,0.8,0.6,0.4,ROED-EA,128,1.0,0.006138890147085352,0.8061388901470854,0.8628879727489799,0.820584707001142,local exact engine
2,0.05,0.8,0.6,0.4,ROED-B,128,1.0,0.018874808395638376,0.8188748083956384,0.8744355985237947,0.8319352656479162,local exact engine
2,0.05,0.8,0.6,0.4,ROED,126,0.984375,0.004745318064696025,0.8047453180646961,0.8649516478513372,0.820584707001142,local exact engine
2,0.05,0.9,0.3,0.1,MERIT,130,0.9848484848484849,0.009440000000000004,0.90944,0.938075,0.9332,"local MERIT R implementation 1.0.0; common Bernoulli OC, 100000 trials/scenario"
2,0.05,0.9,0.3,0.1,Tabata,132,1.0,0.0042986252932611935,0.9042986252932612,0.9372590400549036,0.9229122652758603,local exact engine
2,0.05,0.9,0.3,0.1,ROED-EA,132,1.0,0.0042986252932611935,0.9042986252932612,0.9372590400549036,0.9229122652758603,local exact engine
2,0.05,0.9,0.3,0.1,ROED-B,125,0.946969696969697,0.0018456754063199687,0.90184567540632,0.9331775022383587,0.9170420649483398,local exact engine
2,0.05,0.9,0.3,0.1,ROED,125,0.946969696969697,0.0018456754063199687,0.90184567540632,0.9331775022383587,0.9170420649483398,local exact engine
2,0.05,0.9,0.6,0.4,MERIT,164,1.0123456790123457,0.002610000000000001,0.90261,0.9349033333333333,0.92605,"local MERIT R implementation 1.0.0; common Bernoulli OC, 100000 trials/scenario"
2,0.05,0.9,0.6,0.4,Tabata,162,1.0,0.0033288802311645105,0.9033288802311645,0.9339361440593553,0.9203813634678948,local exact engine
2,0.05,0.9,0.6,0.4,ROED-EA,162,1.0,0.0033288802311645105,0.9033288802311645,0.9339361440593553,0.9203813634678948,local exact engine
2,0.05,0.9,0.6,0.4,ROED-B,159,0.9814814814814815,0.003566109620853797,0.9035661096208538,0.9349935352639531,0.9203813634678948,local exact engine
2,0.05,0.9,0.6,0.4,ROED,159,0.9814814814814815,0.003566109620853797,0.9035661096208538,0.9349935352639531,0.9203813634678948,local exact engine
2,0.1,0.8,0.3,0.1,MERIT,90,1.0,0.010909999999999975,0.81091,0.86221,0.83635,"local MERIT R implementation 1.0.0; common Bernoulli OC, 100000 trials/scenario"
2,0.1,0.8,0.3,0.1,Tabata,90,1.0,0.02152508707530787,0.8215250870753079,0.8783543470902649,0.854459714248495,local exact engine
2,0.1,0.8,0.3,0.1,ROED-EA,90,1.0,0.02152508707530787,0.8215250870753079,0.8783543470902649,0.854459714248495,local exact engine
2,0.1,0.8,0.3,0.1,ROED-B,87,0.9666666666666667,0.020432576362097832,0.8204325763620979,0.8745022367186547,0.8449718499003431,local exact engine
2,0.1,0.8,0.3,0.1,ROED,86,0.9555555555555556,0.02016616728450149,0.8201661672845015,0.8741441483044272,0.8530463158819609,local exact engine
2,0.1,0.8,0.6,0.4,MERIT,108,0.9642857142857143,0.004669999999999952,0.80467,0.858765,0.84205,"local MERIT R implementation 1.0.0; common Bernoulli OC, 100000 trials/scenario"
2,0.1,0.8,0.6,0.4,Tabata,112,1.0,0.005826647056828116,0.8058266470568282,0.8675574105143188,0.8388225357543333,local exact engine
2,0.1,0.8,0.6,0.4,ROED-EA,112,1.0,0.008288054221536001,0.808288054221536,0.8673695304016481,0.8258720158324229,local exact engine
2,0.1,0.8,0.6,0.4,ROED-B,107,0.9553571428571429,0.010579304007179102,0.8105793040071791,0.8687315511225285,0.8426297265553365,local exact engine
2,0.1,0.8,0.6,0.4,ROED,107,0.9553571428571429,0.010579304007179102,0.8105793040071791,0.8687315511225285,0.8426297265553365,local exact engine
2,0.1,0.9,0.3,0.1,MERIT,120,1.0,0.003589999999999982,0.90359,0.9347,0.93845,"local MERIT R implementation 1.0.0; common Bernoulli OC, 100000 trials/scenario"
2,0.1,0.9,0.3,0.1,Tabata,120,1.0,0.005581514417285494,0.9055815144172855,0.9391386087964616,0.9434856223263457,local exact engine
2,0.1,0.9,0.3,0.1,ROED-EA,118,0.9833333333333333,0.0046694934971777124,0.9046694934971777,0.9349055802834826,0.9159627694792207,local exact engine
2,0.1,0.9,0.3,0.1,ROED-B,114,0.95,0.0002561342510037923,0.9002561342510038,0.933303579447525,0.9159627694792207,local exact engine
2,0.1,0.9,0.3,0.1,ROED,114,0.95,0.0002561342510037923,0.9002561342510038,0.933303579447525,0.9159627694792207,local exact engine
2,0.1,0.9,0.6,0.4,MERIT,148,0.9866666666666667,0.0023699999999999832,0.90237,0.9356883333333333,0.95137,"local MERIT R implementation 1.0.0; common Bernoulli OC, 100000 trials/scenario"
2,0.1,0.9,0.6,0.4,Tabata,150,1.0,0.005842646197298573,0.9058426461972986,0.9378334156900167,0.9417596676286344,local exact engine
2,0.1,0.9,0.6,0.4,ROED-EA,148,0.9866666666666667,0.010003010749813912,0.9100030107498139,0.9391379252565706,0.9323193982055971,local exact engine
2,0.1,0.9,0.6,0.4,ROED-B,144,0.96,0.0023764719232340914,0.9023764719232341,0.935207499003455,0.9311900458956925,local exact engine
2,0.1,0.9,0.6,0.4,ROED,143,0.9533333333333334,0.004093854717512335,0.9040938547175124,0.935823406936585,0.937521710696738,local exact engine
3,0.05,0.8,0.3,0.1,MERIT,153,0.864406779661017,-0.00019000000000002348,0.79981,0.867646,0.84687,"local MERIT R implementation 1.0.0; common Bernoulli OC, 100000 trials/scenario"
3,0.05,0.8,0.3,0.1,Tabata,177,1.0,0.029198187850957846,0.8291981878509579,0.8860076752424139,0.8495627298427118,local exact engine
3,0.05,0.8,0.3,0.1,ROED-EA,177,1.0,0.029198187850957846,0.8291981878509579,0.8860076752424139,0.8495627298427118,local exact engine
3,0.05,0.8,0.3,0.1,ROED-B,169,0.9548022598870056,0.0018210243861341846,0.8018210243861342,0.8663095018142973,0.8088755302719194,local exact engine
3,0.05,0.8,0.3,0.1,ROED,169,0.9548022598870056,0.0018210243861341846,0.8018210243861342,0.8663095018142973,0.8088755302719194,local exact engine
3,0.05,0.8,0.6,0.4,MERIT,195,0.9154929577464789,0.007399999999999962,0.8074,0.872761,0.85512,"local MERIT R implementation 1.0.0; common Bernoulli OC, 100000 trials/scenario"
3,0.05,0.8,0.6,0.4,Tabata,213,1.0,0.011603373641302372,0.8116033736413024,0.8723942618008346,0.8303890622421713,local exact engine
3,0.05,0.8,0.6,0.4,ROED-EA,213,1.0,0.011603373641302372,0.8116033736413024,0.8723942618008346,0.8303890622421713,local exact engine
3,0.05,0.8,0.6,0.4,ROED-B,208,0.9765258215962441,0.0002261335221194205,0.8002261335221195,0.8647028860006977,0.8167769938871319,local exact engine
3,0.05,0.8,0.6,0.4,ROED,208,0.9765258215962441,0.008054602565885638,0.8080546025658857,0.8720728745983717,0.8303890622421713,local exact engine
3,0.05,0.9,0.3,0.1,MERIT,201,0.9054054054054054,-0.0016700000000000603,0.89833,0.9367369999999999,0.942,"local MERIT R implementation 1.0.0; common Bernoulli OC, 100000 trials/scenario"
3,0.05,0.9,0.3,0.1,Tabata,222,1.0,0.010978655782914237,0.9109786557829143,0.940609968516022,0.9360362750982754,local exact engine
3,0.05,0.9,0.3,0.1,ROED-EA,216,0.972972972972973,0.001095750557484343,0.9010957505574844,0.9371849052053598,0.9142401726764049,local exact engine
3,0.05,0.9,0.3,0.1,ROED-B,211,0.9504504504504504,0.0013558631148369304,0.901355863114837,0.935816176417482,0.9196667891308552,local exact engine
3,0.05,0.9,0.3,0.1,ROED,211,0.9504504504504504,0.0020217995219642404,0.9020217995219643,0.9359994246663886,0.9182886058336776,local exact engine
3,0.05,0.9,0.6,0.4,MERIT,261,0.9560439560439561,0.004209999999999936,0.90421,0.940541,0.94981,"local MERIT R implementation 1.0.0; common Bernoulli OC, 100000 trials/scenario"
3,0.05,0.9,0.6,0.4,Tabata,273,1.0,0.010817652389642052,0.9108176523896421,0.9401836720503074,0.9395454708148574,local exact engine
3,0.05,0.9,0.6,0.4,ROED-EA,267,0.978021978021978,0.0017586808830833967,0.9017586808830834,0.9363829390085245,0.9311573110313985,local exact engine
3,0.05,0.9,0.6,0.4,ROED-B,266,0.9743589743589743,0.0028851460525590733,0.9028851460525591,0.9362744001248323,0.9260222901425,local exact engine
3,0.05,0.9,0.6,0.4,ROED,264,0.967032967032967,0.000931804734722097,0.9009318047347221,0.9335367882266269,0.9219678399677177,local exact engine
3,0.1,0.8,0.3,0.1,MERIT,141,0.94,0.0006899999999999684,0.80069,0.870181,0.88167,"local MERIT R implementation 1.0.0; common Bernoulli OC, 100000 trials/scenario"
3,0.1,0.8,0.3,0.1,Tabata,150,1.0,0.008385841312302467,0.8083858413123025,0.8709207748072709,0.8501618794896283,local exact engine
3,0.1,0.8,0.3,0.1,ROED-EA,150,1.0,0.008385841312302467,0.8083858413123025,0.8709207748072709,0.8501618794896283,local exact engine
3,0.1,0.8,0.3,0.1,ROED-B,145,0.9666666666666667,0.008473831183573699,0.8084738311835737,0.8699326451230288,0.8473665543686857,local exact engine
3,0.1,0.8,0.3,0.1,ROED,145,0.9666666666666667,0.008473831183573699,0.8084738311835737,0.8699326451230288,0.8473665543686857,local exact engine
3,0.1,0.8,0.6,0.4,MERIT,177,0.9365079365079365,0.00032999999999994145,0.80033,0.8705849999999999,0.89727,"local MERIT R implementation 1.0.0; common Bernoulli OC, 100000 trials/scenario"
3,0.1,0.8,0.6,0.4,Tabata,189,1.0,0.0036081853780007833,0.8036081853780008,0.8695250010447353,0.8480981129792418,local exact engine
3,0.1,0.8,0.6,0.4,ROED-EA,183,0.9682539682539683,0.009863255261865933,0.809863255261866,0.8684038777260239,0.8590845310938868,local exact engine
3,0.1,0.8,0.6,0.4,ROED-B,184,0.9735449735449735,9.705861473563449e-05,0.8000970586147357,0.8656112235784932,0.8319352656479162,local exact engine
3,0.1,0.8,0.6,0.4,ROED,183,0.9682539682539683,0.009863255261865933,0.809863255261866,0.8684038777260239,0.8590845310938868,local exact engine
3,0.1,0.9,0.3,0.1,MERIT,201,0.9710144927536232,-0.0016700000000000603,0.89833,0.9367369999999999,0.942,"local MERIT R implementation 1.0.0; common Bernoulli OC, 100000 trials/scenario"
3,0.1,0.9,0.3,0.1,Tabata,207,1.0,0.0009337023202186101,0.9009337023202186,0.9346314130978788,0.939864335026908,local exact engine
3,0.1,0.9,0.3,0.1,ROED-EA,201,0.9710144927536232,0.0013066408659533346,0.9013066408659534,0.9336154807698108,0.9182886058336776,local exact engine
3,0.1,0.9,0.3,0.1,ROED-B,196,0.9468599033816425,0.0013323850165419815,0.901332385016542,0.9344513979802451,0.9170420649483398,local exact engine
3,0.1,0.9,0.3,0.1,ROED,196,0.9468599033816425,0.0013323850165419815,0.901332385016542,0.9344513979802451,0.9170420649483398,local exact engine
3,0.1,0.9,0.6,0.4,MERIT,258,1.0,0.0010999999999999899,0.9011,0.938767,0.95917,"local MERIT R implementation 1.0.0; common Bernoulli OC, 100000 trials/scenario"
3,0.1,0.9,0.6,0.4,Tabata,258,1.0,0.0034101847118651607,0.9034101847118652,0.9332334668444974,0.9460423979516466,local exact engine
3,0.1,0.9,0.6,0.4,ROED-EA,249,0.9651162790697675,1.350487119289312e-05,0.9000135048711929,0.9337910517613552,0.9296722402601778,local exact engine
3,0.1,0.9,0.6,0.4,ROED-B,247,0.9573643410852714,0.0016136482167037336,0.9016136482167038,0.9335292615084795,0.9371740471062199,local exact engine
3,0.1,0.9,0.6,0.4,ROED,247,0.9573643410852714,0.0016136482167037336,0.9016136482167038,0.9335292615084795,0.9371740471062199,local exact engine
4,0.05,0.8,0.3,0.1,MERIT,208,0.8253968253968254,-0.0019200000000000328,0.79808,0.86666,0.83865,"local MERIT R implementation 1.0.0; common Bernoulli OC, 100000 trials/scenario"
4,0.05,0.8,0.3,0.1,Tabata,252,1.0,0.029446729465192223,0.8294467294651923,0.8891329308282426,0.8536153531888567,local exact engine
4,0.05,0.8,0.3,0.1,ROED-EA,252,1.0,0.029446729465192223,0.8294467294651923,0.8891329308282426,0.8536153531888567,local exact engine
4,0.05,0.8,0.3,0.1,ROED-B,241,0.9563492063492064,0.0036812474185191624,0.8036812474185192,0.8703020158161232,0.8145683489679454,local exact engine
4,0.05,0.8,0.3,0.1,ROED,241,0.9563492063492064,0.0036812474185191624,0.8036812474185192,0.8703020158161232,0.8145683489679454,local exact engine
4,0.05,0.8,0.6,0.4,MERIT,260,0.8333333333333334,0.003529999999999922,0.80353,0.8672514285714286,0.85118,"local MERIT R implementation 1.0.0; common Bernoulli OC, 100000 trials/scenario"
4,0.05,0.8,0.6,0.4,Tabata,312,1.0,0.0183822087318537,0.8183822087318537,0.8792731809709589,0.8386300014550234,local exact engine
4,0.05,0.8,0.6,0.4,ROED-EA,308,0.9871794871794872,0.008092205216567283,0.8080922052165673,0.8752354362866216,0.8316315853725748,local exact engine
4,0.05,0.8,0.6,0.4,ROED-B,298,0.9551282051282052,0.001079980878680331,0.8010799808786804,0.8693472542880628,0.8167769938871319,local exact engine
4,0.05,0.8,0.6,0.4,ROED,296,0.9487179487179487,0.0012172163087106336,0.8012172163087107,0.8701926638531743,0.8267142836011159,local exact engine
4,0.05,0.9,0.3,0.1,MERIT,276,0.8846153846153846,7.999999999996898e-05,0.90008,0.9345528571428572,0.94406,"local MERIT R implementation 1.0.0; common Bernoulli OC, 100000 trials/scenario"
4,0.05,0.9,0.3,0.1,Tabata,312,1.0,0.007019667446384714,0.9070196674463847,0.93902856366564,0.937132751049639,local exact engine
4,0.05,0.9,0.3,0.1,ROED-EA,312,1.0,0.007019667446384714,0.9070196674463847,0.93902856366564,0.937132751049639,local exact engine
4,0.05,0.9,0.3,0.1,ROED-B,302,0.967948717948718,0.0017956926555849906,0.901795692655585,0.9365276222802175,0.9161253274158775,local exact engine
4,0.05,0.9,0.3,0.1,ROED,301,0.9647435897435898,0.0009046213955432592,0.9009046213955433,0.936078129211908,0.9161253274158775,local exact engine
4,0.05,0.9,0.6,0.4,MERIT,348,0.90625,0.0022199999999999998,0.90222,0.9357592857142857,0.94921,"local MERIT R implementation 1.0.0; common Bernoulli OC, 100000 trials/scenario"
4,0.05,0.9,0.6,0.4,Tabata,384,1.0,0.004078154016804447,0.9040781540168045,0.9362320033251231,0.9329800828423686,local exact engine
4,0.05,0.9,0.6,0.4,ROED-EA,384,1.0,0.004078154016804447,0.9040781540168045,0.9362320033251231,0.9329800828423686,local exact engine
4,0.05,0.9,0.6,0.4,ROED-B,377,0.9817708333333334,0.0024250976856381445,0.9024250976856382,0.9343039312747817,0.9311573110313985,local exact engine
4,0.05,0.9,0.6,0.4,ROED,377,0.9817708333333334,0.0024250976856381445,0.9024250976856382,0.9343039312747817,0.9311573110313985,local exact engine
4,0.1,0.8,0.3,0.1,MERIT,196,0.9074074074074074,0.009679999999999911,0.80968,0.8714428571428572,0.88807,"local MERIT R implementation 1.0.0; common Bernoulli OC, 100000 trials/scenario"
4,0.1,0.8,0.3,0.1,Tabata,216,1.0,0.003154108521924326,0.8031541085219244,0.870442863094799,0.8532431505154853,local exact engine
4,0.1,0.8,0.3,0.1,ROED-EA,216,1.0,0.003154108521924326,0.8031541085219244,0.870442863094799,0.8532431505154853,local exact engine
4,0.1,0.8,0.3,0.1,ROED-B,210,0.9722222222222222,0.0005218232251715804,0.8005218232251716,0.8648923458490131,0.8416201128756106,local exact engine
4,0.1,0.8,0.3,0.1,ROED,208,0.9629629629629629,0.0015041777219116925,0.8015041777219117,0.8666837432785458,0.8455494264380801,local exact engine
4,0.1,0.8,0.6,0.4,MERIT,244,0.8714285714285714,0.0016100000000000003,0.80161,0.8655871428571429,0.88341,"local MERIT R implementation 1.0.0; common Bernoulli OC, 100000 trials/scenario"
4,0.1,0.8,0.6,0.4,Tabata,280,1.0,0.01212707528386403,0.8121270752838641,0.8737986614140913,0.8557551709848447,local exact engine
4,0.1,0.8,0.6,0.4,ROED-EA,276,0.9857142857142858,0.004585730280427747,0.8045857302804278,0.8725143813880415,0.8386493637302623,local exact engine
4,0.1,0.8,0.6,0.4,ROED-B,265,0.9464285714285714,0.00195417427034994,0.80195417427035,0.8644326776523642,0.8444400929603431,local exact engine
4,0.1,0.8,0.6,0.4,ROED,262,0.9357142857142857,0.001683955391097114,0.8016839553910972,0.8642943519050698,0.8444400929603431,local exact engine
4,0.1,0.9,0.3,0.1,MERIT,276,0.9078947368421053,0.0040399999999999325,0.90404,0.9355757142857143,0.9588,"local MERIT R implementation 1.0.0; common Bernoulli OC, 100000 trials/scenario"
4,0.1,0.9,0.3,0.1,Tabata,304,1.0,0.005146011782824811,0.9051460117828248,0.932108434163587,0.952697743667764,local exact engine
4,0.1,0.9,0.3,0.1,ROED-EA,292,0.9605263157894737,0.0017574316059588702,0.9017574316059589,0.9347728659828299,0.9277891715546818,local exact engine
4,0.1,0.9,0.3,0.1,ROED-B,283,0.930921052631579,5.060068162410225e-05,0.9000506006816241,0.9349766107688419,0.9182886058336776,local exact engine
4,0.1,0.9,0.3,0.1,ROED,283,0.930921052631579,0.000845402651277416,0.9008454026512774,0.9350892205662898,0.9182886058336776,local exact engine
4,0.1,0.9,0.6,0.4,MERIT,348,0.925531914893617,0.0022199999999999998,0.90222,0.9357592857142857,0.94921,"local MERIT R implementation 1.0.0; common Bernoulli OC, 100000 trials/scenario"
4,0.1,0.9,0.6,0.4,Tabata,376,1.0,0.0002330121001389296,0.900233012100139,0.9323205202357514,0.9532399669732534,local exact engine
4,0.1,0.9,0.6,0.4,ROED-EA,364,0.9680851063829787,0.0029862630581923844,0.9029862630581924,0.9340594381267612,0.9395454708148574,local exact engine
4,0.1,0.9,0.6,0.4,ROED-B,357,0.949468085106383,0.000386196372454517,0.9003861963724545,0.932434104828395,0.9311573110313985,local exact engine
4,0.1,0.9,0.6,0.4,ROED,357,0.949468085106383,0.0009182322269789545,0.900918232226979,0.9329198356127577,0.9311573110313985,local exact engine
